{
  "audio_file": "(02) dont kill the whale-12.wav",
  "segment_duration_sec": 3.0,
  "hop_duration_sec": 1.5,
  "aggregation": "average",
  "smoothing": {
    "method": "moving_average",
    "window": 3
  },
  "threshold": 0.25,
  "classes": [
    "cel",
    "cla",
    "flu",
    "gac",
    "gel",
    "org",
    "pia",
    "sax",
    "tru",
    "vio",
    "voi"
  ],
  "timeline": [
    {
      "time_sec": 0.0,
      "intensity": {
        "cel": 0.003895068308338523,
        "cla": 0.004389409441500902,
        "flu": 0.0034426439087837934,
        "gac": 0.0005745873786509037,
        "gel": 0.01880144700407982,
        "org": 0.007480171043425798,
        "pia": 0.0017397727351635695,
        "sax": 0.03333146497607231,
        "tru": 0.005595870316028595,
        "vio": 0.009037031792104244,
        "voi": 0.6098236441612244
      }
    },
    {
      "time_sec": 1.5,
      "intensity": {
        "cel": 0.010016698390245438,
        "cla": 0.00757532799616456,
        "flu": 0.005368294194340706,
        "gac": 0.0009685663389973342,
        "gel": 0.032806120812892914,
        "org": 0.009595564566552639,
        "pia": 0.003460580948740244,
        "sax": 0.05660495534539223,
        "tru": 0.010772746056318283,
        "vio": 0.017383430153131485,
        "voi": 0.8241731524467468
      }
    },
    {
      "time_sec": 3.0,
      "intensity": {
        "cel": 0.0069938297383487225,
        "cla": 0.006692467723041773,
        "flu": 0.0037030749954283237,
        "gac": 0.0007845726795494556,
        "gel": 0.02589961513876915,
        "org": 0.006736338138580322,
        "pia": 0.0030824074055999517,
        "sax": 0.04788421839475632,
        "tru": 0.008071190677583218,
        "vio": 0.012017323635518551,
        "voi": 0.5294336676597595
      }
    }
  ]
}