{
  "audio_file": "(02) dont kill the whale-13.wav",
  "segment_duration_sec": 3.0,
  "hop_duration_sec": 1.5,
  "aggregation": "average",
  "smoothing": {
    "method": "moving_average",
    "window": 3
  },
  "threshold": 0.25,
  "classes": [
    "cel",
    "cla",
    "flu",
    "gac",
    "gel",
    "org",
    "pia",
    "sax",
    "tru",
    "vio",
    "voi"
  ],
  "timeline": [
    {
      "time_sec": 0.0,
      "intensity": {
        "cel": 0.01648711785674095,
        "cla": 0.0023363670334219933,
        "flu": 0.018037401139736176,
        "gac": 0.0005825007101520896,
        "gel": 0.07104770839214325,
        "org": 0.009617007337510586,
        "pia": 0.0017661016900092363,
        "sax": 0.015575421042740345,
        "tru": 0.018443014472723007,
        "vio": 0.029563337564468384,
        "voi": 0.4374408423900604
      }
    },
    {
      "time_sec": 1.5,
      "intensity": {
        "cel": 0.019231433048844337,
        "cla": 0.004338834434747696,
        "flu": 0.027098454535007477,
        "gac": 0.0007329545333050191,
        "gel": 0.07774338871240616,
        "org": 0.012586850672960281,
        "pia": 0.0028248103335499763,
        "sax": 0.03477877378463745,
        "tru": 0.025291813537478447,
        "vio": 0.03639870509505272,
        "voi": 0.6752055883407593
      }
    },
    {
      "time_sec": 3.0,
      "intensity": {
        "cel": 0.01206667348742485,
        "cla": 0.003487034933641553,
        "flu": 0.01791118085384369,
        "gac": 0.0003518500889185816,
        "gel": 0.06647050380706787,
        "org": 0.010656406171619892,
        "pia": 0.002434680238366127,
        "sax": 0.029907498508691788,
        "tru": 0.01860015280544758,
        "vio": 0.013258225284516811,
        "voi": 0.40330928564071655
      }
    }
  ]
}