{
  "audio_file": "(02) dont kill the whale-2.wav",
  "segment_duration_sec": 3.0,
  "hop_duration_sec": 1.5,
  "aggregation": "average",
  "smoothing": {
    "method": "moving_average",
    "window": 3
  },
  "threshold": 0.25,
  "classes": [
    "cel",
    "cla",
    "flu",
    "gac",
    "gel",
    "org",
    "pia",
    "sax",
    "tru",
    "vio",
    "voi"
  ],
  "timeline": [
    {
      "time_sec": 0.0,
      "intensity": {
        "cel": 0.0007943256641738117,
        "cla": 0.0014102793065831065,
        "flu": 0.0022792599629610777,
        "gac": 0.004583682864904404,
        "gel": 0.38944950699806213,
        "org": 0.006280901376157999,
        "pia": 0.011879432946443558,
        "sax": 0.02477944828569889,
        "tru": 0.028892377391457558,
        "vio": 0.022868745028972626,
        "voi": 0.936533510684967
      }
    },
    {
      "time_sec": 1.5,
      "intensity": {
        "cel": 0.0041197012178599834,
        "cla": 0.017217416316270828,
        "flu": 0.011627497151494026,
        "gac": 0.0053832195699214935,
        "gel": 0.04139501228928566,
        "org": 0.004731588065624237,
        "pia": 0.005227912217378616,
        "sax": 0.04813438653945923,
        "tru": 0.01602553017437458,
        "vio": 0.028893375769257545,
        "voi": 0.9516590237617493
      }
    }
  ]
}