{
  "audio_file": "00 - gold fronts-7.wav",
  "segment_duration_sec": 3.0,
  "hop_duration_sec": 1.5,
  "aggregation": "average",
  "smoothing": {
    "method": "moving_average",
    "window": 3
  },
  "threshold": 0.25,
  "classes": [
    "cel",
    "cla",
    "flu",
    "gac",
    "gel",
    "org",
    "pia",
    "sax",
    "tru",
    "vio",
    "voi"
  ],
  "timeline": [
    {
      "time_sec": 0.0,
      "intensity": {
        "cel": 0.013537907041609287,
        "cla": 0.009267855435609818,
        "flu": 0.012530792504549026,
        "gac": 0.009623490273952484,
        "gel": 0.32119035720825195,
        "org": 0.005828157998621464,
        "pia": 0.00578074948862195,
        "sax": 0.015656322240829468,
        "tru": 0.009746482595801353,
        "vio": 0.02627764828503132,
        "voi": 0.3002355396747589
      }
    },
    {
      "time_sec": 1.5,
      "intensity": {
        "cel": 0.01902044750750065,
        "cla": 0.011632585898041725,
        "flu": 0.01963735744357109,
        "gac": 0.010311426594853401,
        "gel": 0.39199256896972656,
        "org": 0.01242956705391407,
        "pia": 0.00796570535749197,
        "sax": 0.02349870279431343,
        "tru": 0.01325490977615118,
        "vio": 0.03654511645436287,
        "voi": 0.5433900356292725
      }
    },
    {
      "time_sec": 3.0,
      "intensity": {
        "cel": 0.031929634511470795,
        "cla": 0.007753818761557341,
        "flu": 0.023964881896972656,
        "gac": 0.010302799753844738,
        "gel": 0.35524770617485046,
        "org": 0.013834044337272644,
        "pia": 0.0067247264087200165,
        "sax": 0.025770848616957664,
        "tru": 0.011049325577914715,
        "vio": 0.03699010610580444,
        "voi": 0.533157229423523
      }
    },
    {
      "time_sec": 4.5,
      "intensity": {
        "cel": 0.0242014080286026,
        "cla": 0.00621675793081522,
        "flu": 0.01845519244670868,
        "gac": 0.005540671292692423,
        "gel": 0.23301681876182556,
        "org": 0.012976647354662418,
        "pia": 0.004750982392579317,
        "sax": 0.01861025206744671,
        "tru": 0.00967455841600895,
        "vio": 0.024410881102085114,
        "voi": 0.2903445363044739
      }
    }
  ]
}