{
  "audio_file": "00 - gold fronts-3.wav",
  "segment_duration_sec": 3.0,
  "hop_duration_sec": 1.5,
  "aggregation": "average",
  "smoothing": {
    "method": "moving_average",
    "window": 3
  },
  "threshold": 0.25,
  "classes": [
    "cel",
    "cla",
    "flu",
    "gac",
    "gel",
    "org",
    "pia",
    "sax",
    "tru",
    "vio",
    "voi"
  ],
  "timeline": [
    {
      "time_sec": 0.0,
      "intensity": {
        "cel": 0.0057905130088329315,
        "cla": 0.00255561457015574,
        "flu": 0.00640015909448266,
        "gac": 0.0030620042234659195,
        "gel": 0.34469497203826904,
        "org": 0.002884669229388237,
        "pia": 0.0009649291750974953,
        "sax": 0.013418215326964855,
        "tru": 0.02476617507636547,
        "vio": 0.020803432911634445,
        "voi": 0.5145432353019714
      }
    },
    {
      "time_sec": 1.5,
      "intensity": {
        "cel": 0.007726406212896109,
        "cla": 0.003153595607727766,
        "flu": 0.009774791076779366,
        "gac": 0.003878367831930518,
        "gel": 0.41858285665512085,
        "org": 0.0032052609603852034,
        "pia": 0.0011954100336879492,
        "sax": 0.016692565754055977,
        "tru": 0.03483846038579941,
        "vio": 0.03550820052623749,
        "voi": 0.8186047077178955
      }
    },
    {
      "time_sec": 3.0,
      "intensity": {
        "cel": 0.006445818115025759,
        "cla": 0.0027115202974528074,
        "flu": 0.008520262315869331,
        "gac": 0.003632853738963604,
        "gel": 0.3493109941482544,
        "org": 0.001986362971365452,
        "pia": 0.001395452069118619,
        "sax": 0.015171147882938385,
        "tru": 0.030078435316681862,
        "vio": 0.0369705930352211,
        "voi": 0.8505164384841919
      }
    },
    {
      "time_sec": 4.5,
      "intensity": {
        "cel": 0.002227531746029854,
        "cla": 0.0008799853967502713,
        "flu": 0.006222022231668234,
        "gac": 0.0014964216388761997,
        "gel": 0.17813190817832947,
        "org": 0.000612555188126862,
        "pia": 0.0008988585905171931,
        "sax": 0.007246098946779966,
        "tru": 0.01576000638306141,
        "vio": 0.028347400948405266,
        "voi": 0.6318495273590088
      }
    }
  ]
}