{
  "audio_file": "00 - yazoo - dont go-5.wav",
  "segment_duration_sec": 3.0,
  "hop_duration_sec": 1.5,
  "aggregation": "average",
  "smoothing": {
    "method": "moving_average",
    "window": 3
  },
  "threshold": 0.25,
  "classes": [
    "cel",
    "cla",
    "flu",
    "gac",
    "gel",
    "org",
    "pia",
    "sax",
    "tru",
    "vio",
    "voi"
  ],
  "timeline": [
    {
      "time_sec": 0.0,
      "intensity": {
        "cel": 0.0006733323680236936,
        "cla": 0.002889371244236827,
        "flu": 0.002941431012004614,
        "gac": 0.007636373396962881,
        "gel": 0.07735336571931839,
        "org": 0.02995528094470501,
        "pia": 0.0028292390052229166,
        "sax": 0.01812734454870224,
        "tru": 0.010445131920278072,
        "vio": 0.004614930599927902,
        "voi": 0.6220847964286804
      }
    },
    {
      "time_sec": 1.5,
      "intensity": {
        "cel": 0.004198388662189245,
        "cla": 0.007385861594229937,
        "flu": 0.003907620441168547,
        "gac": 0.010186821222305298,
        "gel": 0.12505827844142914,
        "org": 0.06395353376865387,
        "pia": 0.00355935120023787,
        "sax": 0.03190208226442337,
        "tru": 0.02163294143974781,
        "vio": 0.010181483812630177,
        "voi": 0.8663036823272705
      }
    },
    {
      "time_sec": 3.0,
      "intensity": {
        "cel": 0.0039673056453466415,
        "cla": 0.005582806654274464,
        "flu": 0.0012411541538313031,
        "gac": 0.006130175665020943,
        "gel": 0.113716259598732,
        "org": 0.056912053376436234,
        "pia": 0.0017578724073246121,
        "sax": 0.028253676369786263,
        "tru": 0.017552059143781662,
        "vio": 0.007365088444203138,
        "voi": 0.5465058088302612
      }
    }
  ]
}