{
  "audio_file": "00 - yazoo - dont go-4.wav",
  "segment_duration_sec": 3.0,
  "hop_duration_sec": 1.5,
  "aggregation": "average",
  "smoothing": {
    "method": "moving_average",
    "window": 3
  },
  "threshold": 0.25,
  "classes": [
    "cel",
    "cla",
    "flu",
    "gac",
    "gel",
    "org",
    "pia",
    "sax",
    "tru",
    "vio",
    "voi"
  ],
  "timeline": [
    {
      "time_sec": 0.0,
      "intensity": {
        "cel": 0.005613274872303009,
        "cla": 0.010358478873968124,
        "flu": 0.00614890968427062,
        "gac": 0.00744218472391367,
        "gel": 0.08668845891952515,
        "org": 0.147037073969841,
        "pia": 0.00458777928724885,
        "sax": 0.022190751507878304,
        "tru": 0.07642064243555069,
        "vio": 0.004747616592794657,
        "voi": 0.29606354236602783
      }
    },
    {
      "time_sec": 1.5,
      "intensity": {
        "cel": 0.007797997910529375,
        "cla": 0.020362475886940956,
        "flu": 0.007877557538449764,
        "gac": 0.015020506456494331,
        "gel": 0.1301957666873932,
        "org": 0.16320906579494476,
        "pia": 0.00627373019233346,
        "sax": 0.05809767171740532,
        "tru": 0.08400025963783264,
        "vio": 0.007120917085558176,
        "voi": 0.43185725808143616
      }
    },
    {
      "time_sec": 3.0,
      "intensity": {
        "cel": 0.006420541554689407,
        "cla": 0.016956588253378868,
        "flu": 0.0066061378456652164,
        "gac": 0.01414139848202467,
        "gel": 0.11555282026529312,
        "org": 0.12219100445508957,
        "pia": 0.0028520887717604637,
        "sax": 0.04676160588860512,
        "tru": 0.042912617325782776,
        "vio": 0.005986744537949562,
        "voi": 0.1658065915107727
      }
    }
  ]
}