{
  "audio_file": "00 - yazoo - dont go-9.wav",
  "segment_duration_sec": 3.0,
  "hop_duration_sec": 1.5,
  "aggregation": "average",
  "smoothing": {
    "method": "moving_average",
    "window": 3
  },
  "threshold": 0.25,
  "classes": [
    "cel",
    "cla",
    "flu",
    "gac",
    "gel",
    "org",
    "pia",
    "sax",
    "tru",
    "vio",
    "voi"
  ],
  "timeline": [
    {
      "time_sec": 0.0,
      "intensity": {
        "cel": 0.001190922106616199,
        "cla": 0.0029207796324044466,
        "flu": 0.00043423575698398054,
        "gac": 0.0024727897252887487,
        "gel": 0.1289670318365097,
        "org": 0.017380574718117714,
        "pia": 0.002460738644003868,
        "sax": 0.06953178346157074,
        "tru": 0.03606181591749191,
        "vio": 0.002227136632427573,
        "voi": 0.5589644312858582
      }
    },
    {
      "time_sec": 1.5,
      "intensity": {
        "cel": 0.0020574373193085194,
        "cla": 0.004952522926032543,
        "flu": 0.0012410723138600588,
        "gac": 0.01487830188125372,
        "gel": 0.20321321487426758,
        "org": 0.056121356785297394,
        "pia": 0.007224211934953928,
        "sax": 0.08664342761039734,
        "tru": 0.04360932111740112,
        "vio": 0.0033731875009834766,
        "voi": 0.7585847973823547
      }
    },
    {
      "time_sec": 3.0,
      "intensity": {
        "cel": 0.0020356466993689537,
        "cla": 0.00458612572401762,
        "flu": 0.0011536142555996776,
        "gac": 0.014715100638568401,
        "gel": 0.2008356750011444,
        "org": 0.054337192326784134,
        "pia": 0.00605741934850812,
        "sax": 0.07426981627941132,
        "tru": 0.04304532706737518,
        "vio": 0.0028434970881789923,
        "voi": 0.42542901635169983
      }
    }
  ]
}