{
  "audio_file": "00 - yazoo - dont go-8.wav",
  "segment_duration_sec": 3.0,
  "hop_duration_sec": 1.5,
  "aggregation": "average",
  "smoothing": {
    "method": "moving_average",
    "window": 3
  },
  "threshold": 0.25,
  "classes": [
    "cel",
    "cla",
    "flu",
    "gac",
    "gel",
    "org",
    "pia",
    "sax",
    "tru",
    "vio",
    "voi"
  ],
  "timeline": [
    {
      "time_sec": 0.0,
      "intensity": {
        "cel": 0.0030820330139249563,
        "cla": 0.007015473674982786,
        "flu": 0.003059645649045706,
        "gac": 0.009504245594143867,
        "gel": 0.11431095749139786,
        "org": 0.31083944439888,
        "pia": 0.001720926840789616,
        "sax": 0.033638134598731995,
        "tru": 0.012550815008580685,
        "vio": 0.005775664933025837,
        "voi": 0.26875850558280945
      }
    },
    {
      "time_sec": 1.5,
      "intensity": {
        "cel": 0.006389519199728966,
        "cla": 0.014049853198230267,
        "flu": 0.005732463672757149,
        "gac": 0.0169961117208004,
        "gel": 0.20924897491931915,
        "org": 0.4092303514480591,
        "pia": 0.002803334267809987,
        "sax": 0.04164159297943115,
        "tru": 0.034392111003398895,
        "vio": 0.00792280025780201,
        "voi": 0.29532843828201294
      }
    },
    {
      "time_sec": 3.0,
      "intensity": {
        "cel": 0.004622961860150099,
        "cla": 0.00907252635806799,
        "flu": 0.0031861690804362297,
        "gac": 0.01003239955753088,
        "gel": 0.15478703379631042,
        "org": 0.29085496068000793,
        "pia": 0.0019206462893635035,
        "sax": 0.021996639668941498,
        "tru": 0.027692750096321106,
        "vio": 0.004149483982473612,
        "voi": 0.20999263226985931
      }
    }
  ]
}