{
  "audio_file": "01 - Honky Cat-21.wav",
  "segment_duration_sec": 3.0,
  "hop_duration_sec": 1.5,
  "aggregation": "average",
  "smoothing": {
    "method": "moving_average",
    "window": 3
  },
  "threshold": 0.25,
  "classes": [
    "cel",
    "cla",
    "flu",
    "gac",
    "gel",
    "org",
    "pia",
    "sax",
    "tru",
    "vio",
    "voi"
  ],
  "timeline": [
    {
      "time_sec": 0.0,
      "intensity": {
        "cel": 0.0035145164001733065,
        "cla": 0.00841517373919487,
        "flu": 0.007842497900128365,
        "gac": 0.00692546833306551,
        "gel": 0.00533998291939497,
        "org": 0.0013184233102947474,
        "pia": 0.00089787389151752,
        "sax": 0.05753729119896889,
        "tru": 0.019959259778261185,
        "vio": 0.0380704440176487,
        "voi": 0.5966070890426636
      }
    },
    {
      "time_sec": 1.5,
      "intensity": {
        "cel": 0.005223549902439117,
        "cla": 0.01133044995367527,
        "flu": 0.01106070913374424,
        "gac": 0.010583681054413319,
        "gel": 0.01380951888859272,
        "org": 0.0022803402971476316,
        "pia": 0.0015255417674779892,
        "sax": 0.09359487891197205,
        "tru": 0.13902752101421356,
        "vio": 0.042788032442331314,
        "voi": 0.7808947563171387
      }
    },
    {
      "time_sec": 3.0,
      "intensity": {
        "cel": 0.004183589015156031,
        "cla": 0.01028357446193695,
        "flu": 0.007512039039283991,
        "gac": 0.008115964010357857,
        "gel": 0.011399341747164726,
        "org": 0.0019508074037730694,
        "pia": 0.0012069136137142777,
        "sax": 0.08023034781217575,
        "tru": 0.13087573647499084,
        "vio": 0.016213659197092056,
        "voi": 0.4526533782482147
      }
    }
  ]
}