{
  "audio_file": "01 - La leyenda del tiempo-3.wav",
  "segment_duration_sec": 3.0,
  "hop_duration_sec": 1.5,
  "aggregation": "average",
  "smoothing": {
    "method": "moving_average",
    "window": 3
  },
  "threshold": 0.25,
  "classes": [
    "cel",
    "cla",
    "flu",
    "gac",
    "gel",
    "org",
    "pia",
    "sax",
    "tru",
    "vio",
    "voi"
  ],
  "timeline": [
    {
      "time_sec": 0.0,
      "intensity": {
        "cel": 0.014425218105316162,
        "cla": 0.010840346105396748,
        "flu": 0.14938680827617645,
        "gac": 0.7565462589263916,
        "gel": 0.14838364720344543,
        "org": 0.14568156003952026,
        "pia": 0.008905022405087948,
        "sax": 0.0030279760248959064,
        "tru": 0.007565585430711508,
        "vio": 0.002475128509104252,
        "voi": 0.0025357473641633987
      }
    },
    {
      "time_sec": 1.5,
      "intensity": {
        "cel": 0.012080668471753597,
        "cla": 0.005269303917884827,
        "flu": 0.12732400000095367,
        "gac": 0.2832079231739044,
        "gel": 0.2807837426662445,
        "org": 0.2560964822769165,
        "pia": 0.01310407742857933,
        "sax": 0.0036101543810218573,
        "tru": 0.009459257125854492,
        "vio": 0.00439399853348732,
        "voi": 0.001909865066409111
      }
    }
  ]
}