{
  "audio_file": "01 - Inolvidable-9.wav",
  "segment_duration_sec": 3.0,
  "hop_duration_sec": 1.5,
  "aggregation": "average",
  "smoothing": {
    "method": "moving_average",
    "window": 3
  },
  "threshold": 0.25,
  "classes": [
    "cel",
    "cla",
    "flu",
    "gac",
    "gel",
    "org",
    "pia",
    "sax",
    "tru",
    "vio",
    "voi"
  ],
  "timeline": [
    {
      "time_sec": 0.0,
      "intensity": {
        "cel": 0.001519705867394805,
        "cla": 0.0037029492668807507,
        "flu": 0.004423490725457668,
        "gac": 0.0021005014423280954,
        "gel": 0.0008902140543796122,
        "org": 0.003020655130967498,
        "pia": 0.0021472147200256586,
        "sax": 0.02439209260046482,
        "tru": 0.004186875186860561,
        "vio": 0.03302508965134621,
        "voi": 0.9979221820831299
      }
    },
    {
      "time_sec": 1.5,
      "intensity": {
        "cel": 0.0010121723171323538,
        "cla": 0.003889721818268299,
        "flu": 0.0041437456384301186,
        "gac": 0.004850445315241814,
        "gel": 0.015669120475649834,
        "org": 0.001438665552996099,
        "pia": 0.0023311355616897345,
        "sax": 0.07474933564662933,
        "tru": 0.004037946928292513,
        "vio": 0.014656986109912395,
        "voi": 0.9973512887954712
      }
    }
  ]
}