{
  "audio_file": "01 - Honky Cat-11.wav",
  "segment_duration_sec": 3.0,
  "hop_duration_sec": 1.5,
  "aggregation": "average",
  "smoothing": {
    "method": "moving_average",
    "window": 3
  },
  "threshold": 0.25,
  "classes": [
    "cel",
    "cla",
    "flu",
    "gac",
    "gel",
    "org",
    "pia",
    "sax",
    "tru",
    "vio",
    "voi"
  ],
  "timeline": [
    {
      "time_sec": 0.0,
      "intensity": {
        "cel": 0.01727437973022461,
        "cla": 0.010862112045288086,
        "flu": 0.026339706033468246,
        "gac": 0.008089695125818253,
        "gel": 0.002026607049629092,
        "org": 0.005103584378957748,
        "pia": 0.0006893734098412097,
        "sax": 0.07698806375265121,
        "tru": 0.011156759224832058,
        "vio": 0.06404227018356323,
        "voi": 0.5965541005134583
      }
    },
    {
      "time_sec": 1.5,
      "intensity": {
        "cel": 0.021769996732473373,
        "cla": 0.0264446958899498,
        "flu": 0.028447091579437256,
        "gac": 0.01109725795686245,
        "gel": 0.0028788684867322445,
        "org": 0.006328537128865719,
        "pia": 0.0011248167138546705,
        "sax": 0.13496695458889008,
        "tru": 0.01644156314432621,
        "vio": 0.08109086006879807,
        "voi": 0.8937118053436279
      }
    },
    {
      "time_sec": 3.0,
      "intensity": {
        "cel": 0.007718802895396948,
        "cla": 0.020232297480106354,
        "flu": 0.007193926256150007,
        "gac": 0.005040389485657215,
        "gel": 0.000975250150077045,
        "org": 0.0015593532007187605,
        "pia": 0.0007996976491995156,
        "sax": 0.1112334132194519,
        "tru": 0.008574271574616432,
        "vio": 0.03509999066591263,
        "voi": 0.6087803840637207
      }
    }
  ]
}