{
  "audio_file": "01 - Inolvidable-10.wav",
  "segment_duration_sec": 3.0,
  "hop_duration_sec": 1.5,
  "aggregation": "average",
  "smoothing": {
    "method": "moving_average",
    "window": 3
  },
  "threshold": 0.25,
  "classes": [
    "cel",
    "cla",
    "flu",
    "gac",
    "gel",
    "org",
    "pia",
    "sax",
    "tru",
    "vio",
    "voi"
  ],
  "timeline": [
    {
      "time_sec": 0.0,
      "intensity": {
        "cel": 0.0010333252139389515,
        "cla": 0.04031521454453468,
        "flu": 0.004406044725328684,
        "gac": 0.0051957168616354465,
        "gel": 0.002082976745441556,
        "org": 0.014550361782312393,
        "pia": 0.004126330837607384,
        "sax": 0.1411108523607254,
        "tru": 0.014653420075774193,
        "vio": 0.01689804531633854,
        "voi": 0.9181059002876282
      }
    },
    {
      "time_sec": 1.5,
      "intensity": {
        "cel": 0.0026563017163425684,
        "cla": 0.010569566860795021,
        "flu": 0.004607158713042736,
        "gac": 0.005093525163829327,
        "gel": 0.007626560516655445,
        "org": 0.004636171739548445,
        "pia": 0.0010122137609869242,
        "sax": 0.1020641028881073,
        "tru": 0.03800604119896889,
        "vio": 0.012163643725216389,
        "voi": 0.9768931269645691
      }
    }
  ]
}