{
  "audio_file": "01 - Orchids in the Moonlight-1.wav",
  "segment_duration_sec": 3.0,
  "hop_duration_sec": 1.5,
  "aggregation": "average",
  "smoothing": {
    "method": "moving_average",
    "window": 3
  },
  "threshold": 0.25,
  "classes": [
    "cel",
    "cla",
    "flu",
    "gac",
    "gel",
    "org",
    "pia",
    "sax",
    "tru",
    "vio",
    "voi"
  ],
  "timeline": [
    {
      "time_sec": 0.0,
      "intensity": {
        "cel": 0.009572673588991165,
        "cla": 0.008644028566777706,
        "flu": 0.0075112576596438885,
        "gac": 0.4380088150501251,
        "gel": 0.017152823507785797,
        "org": 0.04009943827986717,
        "pia": 0.005507183261215687,
        "sax": 0.014691156335175037,
        "tru": 0.003292204113677144,
        "vio": 0.05301952734589577,
        "voi": 0.1887083798646927
      }
    },
    {
      "time_sec": 1.5,
      "intensity": {
        "cel": 0.0294425580650568,
        "cla": 0.01830694079399109,
        "flu": 0.010952291078865528,
        "gac": 0.695562481880188,
        "gel": 0.030849846079945564,
        "org": 0.05244053900241852,
        "pia": 0.006140978075563908,
        "sax": 0.02351098321378231,
        "tru": 0.02014230377972126,
        "vio": 0.06936027109622955,
        "voi": 0.233090341091156
      }
    },
    {
      "time_sec": 3.0,
      "intensity": {
        "cel": 0.02921166457235813,
        "cla": 0.013582834973931313,
        "flu": 0.026347395032644272,
        "gac": 0.7523499727249146,
        "gel": 0.062046825885772705,
        "org": 0.04514719173312187,
        "pia": 0.004927875939756632,
        "sax": 0.01443452574312687,
        "tru": 0.022214572876691818,
        "vio": 0.07674959301948547,
        "voi": 0.26776233315467834
      }
    },
    {
      "time_sec": 4.5,
      "intensity": {
        "cel": 0.022064480930566788,
        "cla": 0.010861154645681381,
        "flu": 0.020622067153453827,
        "gac": 0.49609431624412537,
        "gel": 0.05143808573484421,
        "org": 0.01338653638958931,
        "pia": 0.0034310289192944765,
        "sax": 0.011824291199445724,
        "tru": 0.02021179348230362,
        "vio": 0.03507174551486969,
        "voi": 0.12564827501773834
      }
    }
  ]
}