{
  "audio_file": "01 - Airdrop-9.wav",
  "segment_duration_sec": 3.0,
  "hop_duration_sec": 1.5,
  "aggregation": "average",
  "smoothing": {
    "method": "moving_average",
    "window": 3
  },
  "threshold": 0.25,
  "classes": [
    "cel",
    "cla",
    "flu",
    "gac",
    "gel",
    "org",
    "pia",
    "sax",
    "tru",
    "vio",
    "voi"
  ],
  "timeline": [
    {
      "time_sec": 0.0,
      "intensity": {
        "cel": 0.2916489839553833,
        "cla": 0.005894689355045557,
        "flu": 0.014623971655964851,
        "gac": 0.002356600482016802,
        "gel": 0.46337154507637024,
        "org": 0.017497852444648743,
        "pia": 0.0032084020785987377,
        "sax": 0.01749485731124878,
        "tru": 0.017930150032043457,
        "vio": 0.002689218148589134,
        "voi": 0.00806678831577301
      }
    },
    {
      "time_sec": 1.5,
      "intensity": {
        "cel": 0.3241245448589325,
        "cla": 0.012971263378858566,
        "flu": 0.020264839753508568,
        "gac": 0.004571723751723766,
        "gel": 0.6986024975776672,
        "org": 0.02472321316599846,
        "pia": 0.005697065964341164,
        "sax": 0.032289694994688034,
        "tru": 0.026167089119553566,
        "vio": 0.003574690781533718,
        "voi": 0.01715768128633499
      }
    },
    {
      "time_sec": 3.0,
      "intensity": {
        "cel": 0.2683020234107971,
        "cla": 0.012954998761415482,
        "flu": 0.019861724227666855,
        "gac": 0.004261245019733906,
        "gel": 0.6829460263252258,
        "org": 0.022770944982767105,
        "pia": 0.00532787898555398,
        "sax": 0.02750854380428791,
        "tru": 0.033510953187942505,
        "vio": 0.004033534787595272,
        "voi": 0.020021572709083557
      }
    },
    {
      "time_sec": 4.5,
      "intensity": {
        "cel": 0.22854368388652802,
        "cla": 0.008756851777434349,
        "flu": 0.006974214222282171,
        "gac": 0.0031425366178154945,
        "gel": 0.41705140471458435,
        "org": 0.010683090426027775,
        "pia": 0.0028442959301173687,
        "sax": 0.021866537630558014,
        "tru": 0.020381813868880272,
        "vio": 0.002358296187594533,
        "voi": 0.01277514360845089
      }
    }
  ]
}