{
  "audio_file": "01 - roads-23.wav",
  "segment_duration_sec": 3.0,
  "hop_duration_sec": 1.5,
  "aggregation": "average",
  "smoothing": {
    "method": "moving_average",
    "window": 3
  },
  "threshold": 0.25,
  "classes": [
    "cel",
    "cla",
    "flu",
    "gac",
    "gel",
    "org",
    "pia",
    "sax",
    "tru",
    "vio",
    "voi"
  ],
  "timeline": [
    {
      "time_sec": 0.0,
      "intensity": {
        "cel": 0.019796015694737434,
        "cla": 0.008893560618162155,
        "flu": 0.006531287916004658,
        "gac": 0.0006049156654626131,
        "gel": 0.028301583603024483,
        "org": 0.003221869468688965,
        "pia": 0.0007904095109552145,
        "sax": 0.015964262187480927,
        "tru": 0.01578364335000515,
        "vio": 0.010070184245705605,
        "voi": 0.42957475781440735
      }
    },
    {
      "time_sec": 1.5,
      "intensity": {
        "cel": 0.02286842092871666,
        "cla": 0.013207154348492622,
        "flu": 0.012210788205265999,
        "gac": 0.0010462336940690875,
        "gel": 0.03941089287400246,
        "org": 0.004001515917479992,
        "pia": 0.0011774433078244328,
        "sax": 0.02805035375058651,
        "tru": 0.019649013876914978,
        "vio": 0.011801287531852722,
        "voi": 0.7103687524795532
      }
    },
    {
      "time_sec": 3.0,
      "intensity": {
        "cel": 0.013539496809244156,
        "cla": 0.008548146113753319,
        "flu": 0.0069005778059363365,
        "gac": 0.0007424523355439305,
        "gel": 0.0213321465998888,
        "org": 0.0031913290731608868,
        "pia": 0.0007591777830384672,
        "sax": 0.020982464775443077,
        "tru": 0.009569242596626282,
        "vio": 0.005007730331271887,
        "voi": 0.5271755456924438
      }
    }
  ]
}