{
  "audio_file": "01 - roads-22.wav",
  "segment_duration_sec": 3.0,
  "hop_duration_sec": 1.5,
  "aggregation": "average",
  "smoothing": {
    "method": "moving_average",
    "window": 3
  },
  "threshold": 0.25,
  "classes": [
    "cel",
    "cla",
    "flu",
    "gac",
    "gel",
    "org",
    "pia",
    "sax",
    "tru",
    "vio",
    "voi"
  ],
  "timeline": [
    {
      "time_sec": 0.0,
      "intensity": {
        "cel": 0.011638885363936424,
        "cla": 0.00471730250865221,
        "flu": 0.0278212558478117,
        "gac": 0.004627087153494358,
        "gel": 0.002696947893127799,
        "org": 0.0036669934634119272,
        "pia": 0.00028098729671910405,
        "sax": 0.011496816761791706,
        "tru": 0.0005478308885358274,
        "vio": 0.00779333570972085,
        "voi": 0.6451116800308228
      }
    },
    {
      "time_sec": 1.5,
      "intensity": {
        "cel": 0.03558042645454407,
        "cla": 0.011692479252815247,
        "flu": 0.07999637722969055,
        "gac": 0.008782124146819115,
        "gel": 0.006964017637073994,
        "org": 0.004598554689437151,
        "pia": 0.00040600632200948894,
        "sax": 0.014236264862120152,
        "tru": 0.0014783561928197742,
        "vio": 0.009698175825178623,
        "voi": 0.9458616971969604
      }
    },
    {
      "time_sec": 3.0,
      "intensity": {
        "cel": 0.035700906068086624,
        "cla": 0.013418430462479591,
        "flu": 0.09754905849695206,
        "gac": 0.008368013426661491,
        "gel": 0.008366484194993973,
        "org": 0.0036415669601410627,
        "pia": 0.0003520275349728763,
        "sax": 0.016990182921290398,
        "tru": 0.0012755664065480232,
        "vio": 0.006131813395768404,
        "voi": 0.9450350403785706
      }
    },
    {
      "time_sec": 4.5,
      "intensity": {
        "cel": 0.02419898472726345,
        "cla": 0.010138316079974174,
        "flu": 0.07695840299129486,
        "gac": 0.004729507490992546,
        "gel": 0.006156725808978081,
        "org": 0.0012933125253766775,
        "pia": 0.00021245914103928953,
        "sax": 0.01145294401794672,
        "tru": 0.0010019184555858374,
        "vio": 0.00319614983163774,
        "voi": 0.6330721378326416
      }
    }
  ]
}