{
  "audio_file": "01 - 999-5.wav",
  "segment_duration_sec": 3.0,
  "hop_duration_sec": 1.5,
  "aggregation": "average",
  "smoothing": {
    "method": "moving_average",
    "window": 3
  },
  "threshold": 0.25,
  "classes": [
    "cel",
    "cla",
    "flu",
    "gac",
    "gel",
    "org",
    "pia",
    "sax",
    "tru",
    "vio",
    "voi"
  ],
  "timeline": [
    {
      "time_sec": 0.0,
      "intensity": {
        "cel": 0.004260780289769173,
        "cla": 0.0016280835261568427,
        "flu": 0.00309018325060606,
        "gac": 0.0004024575464427471,
        "gel": 0.20375682413578033,
        "org": 0.03369416296482086,
        "pia": 0.014878997579216957,
        "sax": 0.029686154797673225,
        "tru": 0.03803896903991699,
        "vio": 0.010002928785979748,
        "voi": 0.5206689238548279
      }
    },
    {
      "time_sec": 1.5,
      "intensity": {
        "cel": 0.012975916266441345,
        "cla": 0.003341496456414461,
        "flu": 0.007360737305134535,
        "gac": 0.0035605367738753557,
        "gel": 0.3630710542201996,
        "org": 0.08037368208169937,
        "pia": 0.018901439383625984,
        "sax": 0.046043626964092255,
        "tru": 0.08409172296524048,
        "vio": 0.026285987347364426,
        "voi": 0.5578153729438782
      }
    },
    {
      "time_sec": 3.0,
      "intensity": {
        "cel": 0.020090732723474503,
        "cla": 0.004230353981256485,
        "flu": 0.010734868235886097,
        "gac": 0.007748838979750872,
        "gel": 0.4725278317928314,
        "org": 0.14419877529144287,
        "pia": 0.030489306896924973,
        "sax": 0.03914280980825424,
        "tru": 0.0900542289018631,
        "vio": 0.02716539427638054,
        "voi": 0.3289683163166046
      }
    },
    {
      "time_sec": 4.5,
      "intensity": {
        "cel": 0.016293155029416084,
        "cla": 0.0031384562607854605,
        "flu": 0.007890221662819386,
        "gac": 0.007485231384634972,
        "gel": 0.3440060019493103,
        "org": 0.11532162874937057,
        "pia": 0.02611139416694641,
        "sax": 0.02260509505867958,
        "tru": 0.06219891458749771,
        "vio": 0.02033483050763607,
        "voi": 0.12740932404994965
      }
    }
  ]
}