{
  "audio_file": "01 - Led Zeppelin - Custard Pie-7.wav",
  "segment_duration_sec": 3.0,
  "hop_duration_sec": 1.5,
  "aggregation": "average",
  "smoothing": {
    "method": "moving_average",
    "window": 3
  },
  "threshold": 0.25,
  "classes": [
    "cel",
    "cla",
    "flu",
    "gac",
    "gel",
    "org",
    "pia",
    "sax",
    "tru",
    "vio",
    "voi"
  ],
  "timeline": [
    {
      "time_sec": 0.0,
      "intensity": {
        "cel": 0.010746234096586704,
        "cla": 0.004014262463897467,
        "flu": 0.006701831240206957,
        "gac": 0.008493245579302311,
        "gel": 0.14662042260169983,
        "org": 0.019539225846529007,
        "pia": 0.0005693556740880013,
        "sax": 0.040990106761455536,
        "tru": 0.08889194577932358,
        "vio": 0.013704001903533936,
        "voi": 0.7426711320877075
      }
    },
    {
      "time_sec": 1.5,
      "intensity": {
        "cel": 0.011664561927318573,
        "cla": 0.00392015790566802,
        "flu": 0.00481663690879941,
        "gac": 0.0024350464809685946,
        "gel": 0.3364870250225067,
        "org": 0.030391493812203407,
        "pia": 0.0006505514611490071,
        "sax": 0.06247558072209358,
        "tru": 0.03173718973994255,
        "vio": 0.016390342265367508,
        "voi": 0.6909831762313843
      }
    }
  ]
}