{
  "audio_file": "01 - Chet Baker - Prayer For The Newborn-20.wav",
  "segment_duration_sec": 3.0,
  "hop_duration_sec": 1.5,
  "aggregation": "average",
  "smoothing": {
    "method": "moving_average",
    "window": 3
  },
  "threshold": 0.25,
  "classes": [
    "cel",
    "cla",
    "flu",
    "gac",
    "gel",
    "org",
    "pia",
    "sax",
    "tru",
    "vio",
    "voi"
  ],
  "timeline": [
    {
      "time_sec": 0.0,
      "intensity": {
        "cel": 0.10309596359729767,
        "cla": 0.005058872513473034,
        "flu": 0.028096185997128487,
        "gac": 0.0038571185432374477,
        "gel": 0.04585707560181618,
        "org": 0.11771498620510101,
        "pia": 0.00969537440687418,
        "sax": 0.06980714946985245,
        "tru": 0.13635486364364624,
        "vio": 0.012783059850335121,
        "voi": 0.032273370772600174
      }
    },
    {
      "time_sec": 1.5,
      "intensity": {
        "cel": 0.17747902870178223,
        "cla": 0.008518077433109283,
        "flu": 0.033864278346300125,
        "gac": 0.07221673429012299,
        "gel": 0.0335284024477005,
        "org": 0.011854199692606926,
        "pia": 0.012666748836636543,
        "sax": 0.027359873056411743,
        "tru": 0.05878876894712448,
        "vio": 0.0305788554251194,
        "voi": 0.007919776253402233
      }
    }
  ]
}