{
  "audio_file": "01 - Da Duh Dah-1.wav",
  "segment_duration_sec": 3.0,
  "hop_duration_sec": 1.5,
  "aggregation": "average",
  "smoothing": {
    "method": "moving_average",
    "window": 3
  },
  "threshold": 0.25,
  "classes": [
    "cel",
    "cla",
    "flu",
    "gac",
    "gel",
    "org",
    "pia",
    "sax",
    "tru",
    "vio",
    "voi"
  ],
  "timeline": [
    {
      "time_sec": 0.0,
      "intensity": {
        "cel": 0.0016756794648244977,
        "cla": 0.013840901665389538,
        "flu": 0.024427758529782295,
        "gac": 0.042086161673069,
        "gel": 0.05092101916670799,
        "org": 0.049804944545030594,
        "pia": 0.4139471650123596,
        "sax": 0.019514184445142746,
        "tru": 0.0069413562305271626,
        "vio": 0.0027094038669019938,
        "voi": 0.021323908120393753
      }
    },
    {
      "time_sec": 1.5,
      "intensity": {
        "cel": 0.002315543359145522,
        "cla": 0.02529045380651951,
        "flu": 0.05363266170024872,
        "gac": 0.06770946830511093,
        "gel": 0.08358463644981384,
        "org": 0.054168492555618286,
        "pia": 0.5641636252403259,
        "sax": 0.039056483656167984,
        "tru": 0.011080625467002392,
        "vio": 0.005605105776339769,
        "voi": 0.05173308402299881
      }
    },
    {
      "time_sec": 3.0,
      "intensity": {
        "cel": 0.0014213287504389882,
        "cla": 0.01858820952475071,
        "flu": 0.03454836085438728,
        "gac": 0.03377804905176163,
        "gel": 0.06391062587499619,
        "org": 0.026597941294312477,
        "pia": 0.3690135180950165,
        "sax": 0.031220708042383194,
        "tru": 0.008807462640106678,
        "vio": 0.004587873816490173,
        "voi": 0.039703018963336945
      }
    }
  ]
}