{
  "audio_file": "01 - Inolvidable-12.wav",
  "segment_duration_sec": 3.0,
  "hop_duration_sec": 1.5,
  "aggregation": "average",
  "smoothing": {
    "method": "moving_average",
    "window": 3
  },
  "threshold": 0.25,
  "classes": [
    "cel",
    "cla",
    "flu",
    "gac",
    "gel",
    "org",
    "pia",
    "sax",
    "tru",
    "vio",
    "voi"
  ],
  "timeline": [
    {
      "time_sec": 0.0,
      "intensity": {
        "cel": 0.0003769078466575593,
        "cla": 0.0004380255122669041,
        "flu": 0.004776471294462681,
        "gac": 0.0008035784703679383,
        "gel": 0.0036641666665673256,
        "org": 0.00010400681640021503,
        "pia": 0.00032773989369161427,
        "sax": 0.02396031841635704,
        "tru": 0.001643384457565844,
        "vio": 0.14877252280712128,
        "voi": 0.9971805214881897
      }
    },
    {
      "time_sec": 1.5,
      "intensity": {
        "cel": 0.006257534027099609,
        "cla": 0.005144673399627209,
        "flu": 0.06718149781227112,
        "gac": 0.013197801075875759,
        "gel": 0.026350481435656548,
        "org": 0.0011010282905772328,
        "pia": 0.0013272284995764494,
        "sax": 0.09582068771123886,
        "tru": 0.009430216625332832,
        "vio": 0.02672748453915119,
        "voi": 0.666057825088501
      }
    }
  ]
}