{
  "audio_file": "01 - Honky Cat-25.wav",
  "segment_duration_sec": 3.0,
  "hop_duration_sec": 1.5,
  "aggregation": "average",
  "smoothing": {
    "method": "moving_average",
    "window": 3
  },
  "threshold": 0.25,
  "classes": [
    "cel",
    "cla",
    "flu",
    "gac",
    "gel",
    "org",
    "pia",
    "sax",
    "tru",
    "vio",
    "voi"
  ],
  "timeline": [
    {
      "time_sec": 0.0,
      "intensity": {
        "cel": 0.010858118534088135,
        "cla": 0.016759805381298065,
        "flu": 0.02856113389134407,
        "gac": 0.13454926013946533,
        "gel": 0.1345619112253189,
        "org": 0.004605001769959927,
        "pia": 0.2682085633277893,
        "sax": 0.015157297253608704,
        "tru": 0.01709333434700966,
        "vio": 0.15040583908557892,
        "voi": 0.0037972326390445232
      }
    },
    {
      "time_sec": 1.5,
      "intensity": {
        "cel": 0.010483644902706146,
        "cla": 0.049783654510974884,
        "flu": 0.01710943505167961,
        "gac": 0.3418976068496704,
        "gel": 0.06441860646009445,
        "org": 0.0027972226962447166,
        "pia": 0.3286430537700653,
        "sax": 0.022077618166804314,
        "tru": 0.004954443778842688,
        "vio": 0.06948594003915787,
        "voi": 0.007152304518967867
      }
    }
  ]
}