{
  "audio_file": "01 - Honky Cat-26.wav",
  "segment_duration_sec": 3.0,
  "hop_duration_sec": 1.5,
  "aggregation": "average",
  "smoothing": {
    "method": "moving_average",
    "window": 3
  },
  "threshold": 0.25,
  "classes": [
    "cel",
    "cla",
    "flu",
    "gac",
    "gel",
    "org",
    "pia",
    "sax",
    "tru",
    "vio",
    "voi"
  ],
  "timeline": [
    {
      "time_sec": 0.0,
      "intensity": {
        "cel": 0.017239045351743698,
        "cla": 0.10831968486309052,
        "flu": 0.0314139686524868,
        "gac": 0.20441265404224396,
        "gel": 0.023743780329823494,
        "org": 0.005317197181284428,
        "pia": 0.008178896270692348,
        "sax": 0.1018073633313179,
        "tru": 0.015591424889862537,
        "vio": 0.047781579196453094,
        "voi": 0.0698607936501503
      }
    },
    {
      "time_sec": 1.5,
      "intensity": {
        "cel": 0.026896459981799126,
        "cla": 0.12837794423103333,
        "flu": 0.006725479383021593,
        "gac": 0.13891500234603882,
        "gel": 0.021293919533491135,
        "org": 0.006362644024193287,
        "pia": 0.005531275644898415,
        "sax": 0.31580930948257446,
        "tru": 0.044639673084020615,
        "vio": 0.03253308683633804,
        "voi": 0.032748691737651825
      }
    }
  ]
}