{
  "audio_file": "01 - Honky Cat-28.wav",
  "segment_duration_sec": 3.0,
  "hop_duration_sec": 1.5,
  "aggregation": "average",
  "smoothing": {
    "method": "moving_average",
    "window": 3
  },
  "threshold": 0.25,
  "classes": [
    "cel",
    "cla",
    "flu",
    "gac",
    "gel",
    "org",
    "pia",
    "sax",
    "tru",
    "vio",
    "voi"
  ],
  "timeline": [
    {
      "time_sec": 0.0,
      "intensity": {
        "cel": 0.061058469116687775,
        "cla": 0.023173745721578598,
        "flu": 0.006405344698578119,
        "gac": 0.23811164498329163,
        "gel": 0.010165252722799778,
        "org": 0.0031270356848835945,
        "pia": 0.022306671366095543,
        "sax": 0.21458040177822113,
        "tru": 0.05457204580307007,
        "vio": 0.02002047561109066,
        "voi": 0.006266845855861902
      }
    },
    {
      "time_sec": 1.5,
      "intensity": {
        "cel": 0.047385238111019135,
        "cla": 0.06502632051706314,
        "flu": 0.0027614091522991657,
        "gac": 0.7698413729667664,
        "gel": 0.004611317999660969,
        "org": 0.0002564674068707973,
        "pia": 0.08038990944623947,
        "sax": 0.23773272335529327,
        "tru": 0.007650579325854778,
        "vio": 0.01577414944767952,
        "voi": 0.0016527558909729123
      }
    }
  ]
}