{
  "audio_file": "01 - Inolvidable-5.wav",
  "segment_duration_sec": 3.0,
  "hop_duration_sec": 1.5,
  "aggregation": "average",
  "smoothing": {
    "method": "moving_average",
    "window": 3
  },
  "threshold": 0.25,
  "classes": [
    "cel",
    "cla",
    "flu",
    "gac",
    "gel",
    "org",
    "pia",
    "sax",
    "tru",
    "vio",
    "voi"
  ],
  "timeline": [
    {
      "time_sec": 0.0,
      "intensity": {
        "cel": 0.0007311589433811605,
        "cla": 0.060226354748010635,
        "flu": 0.003747830633074045,
        "gac": 0.023138906806707382,
        "gel": 0.009597036987543106,
        "org": 0.011772418394684792,
        "pia": 0.5074480175971985,
        "sax": 0.0070981490425765514,
        "tru": 0.05596446990966797,
        "vio": 0.004216744098812342,
        "voi": 0.00011921097029699013
      }
    },
    {
      "time_sec": 1.5,
      "intensity": {
        "cel": 0.0009879943681880832,
        "cla": 0.1246013194322586,
        "flu": 0.004111095331609249,
        "gac": 0.035038888454437256,
        "gel": 0.031138600781559944,
        "org": 0.013710669241845608,
        "pia": 0.8272421956062317,
        "sax": 0.016715707257390022,
        "tru": 0.07644694298505783,
        "vio": 0.005465709138661623,
        "voi": 0.00015628704568371177
      }
    },
    {
      "time_sec": 3.0,
      "intensity": {
        "cel": 0.0004550276498775929,
        "cla": 0.08830811083316803,
        "flu": 0.0014038197696208954,
        "gac": 0.018148846924304962,
        "gel": 0.02930847555398941,
        "org": 0.004086839500814676,
        "pia": 0.6326296329498291,
        "sax": 0.0123090585693717,
        "tru": 0.041199494153261185,
        "vio": 0.0034108643885701895,
        "voi": 7.418211316689849e-05
      }
    }
  ]
}