{
  "audio_file": "01 - Orchids in the Moonlight-5.wav",
  "segment_duration_sec": 3.0,
  "hop_duration_sec": 1.5,
  "aggregation": "average",
  "smoothing": {
    "method": "moving_average",
    "window": 3
  },
  "threshold": 0.25,
  "classes": [
    "cel",
    "cla",
    "flu",
    "gac",
    "gel",
    "org",
    "pia",
    "sax",
    "tru",
    "vio",
    "voi"
  ],
  "timeline": [
    {
      "time_sec": 0.0,
      "intensity": {
        "cel": 0.02002577856183052,
        "cla": 0.013744349591434002,
        "flu": 0.10743921250104904,
        "gac": 0.5668392181396484,
        "gel": 0.02297041565179825,
        "org": 0.03567328304052353,
        "pia": 0.0143838906660676,
        "sax": 0.0013713303487747908,
        "tru": 0.0034552044235169888,
        "vio": 0.03641429916024208,
        "voi": 0.003651979612186551
      }
    },
    {
      "time_sec": 1.5,
      "intensity": {
        "cel": 0.025932084769010544,
        "cla": 0.025989333167672157,
        "flu": 0.11319713294506073,
        "gac": 0.8150491118431091,
        "gel": 0.044077761471271515,
        "org": 0.06330787390470505,
        "pia": 0.019784655421972275,
        "sax": 0.0032660404685884714,
        "tru": 0.007155008148401976,
        "vio": 0.04827581346035004,
        "voi": 0.0070169540122151375
      }
    },
    {
      "time_sec": 3.0,
      "intensity": {
        "cel": 0.009594354778528214,
        "cla": 0.022876640781760216,
        "flu": 0.06316692382097244,
        "gac": 0.5455530285835266,
        "gel": 0.029602045193314552,
        "org": 0.03010464645922184,
        "pia": 0.01389685645699501,
        "sax": 0.0029594439547508955,
        "tru": 0.0047942716628313065,
        "vio": 0.03280772641301155,
        "voi": 0.005243845283985138
      }
    }
  ]
}