{
  "audio_file": "01 - Honky Cat-24.wav",
  "segment_duration_sec": 3.0,
  "hop_duration_sec": 1.5,
  "aggregation": "average",
  "smoothing": {
    "method": "moving_average",
    "window": 3
  },
  "threshold": 0.25,
  "classes": [
    "cel",
    "cla",
    "flu",
    "gac",
    "gel",
    "org",
    "pia",
    "sax",
    "tru",
    "vio",
    "voi"
  ],
  "timeline": [
    {
      "time_sec": 0.0,
      "intensity": {
        "cel": 0.035769637674093246,
        "cla": 0.01121953409165144,
        "flu": 0.015407978557050228,
        "gac": 0.10695850849151611,
        "gel": 0.08380982279777527,
        "org": 0.00546648446470499,
        "pia": 0.004591598175466061,
        "sax": 0.043032772839069366,
        "tru": 0.08814963698387146,
        "vio": 0.10591035336256027,
        "voi": 0.0741841048002243
      }
    },
    {
      "time_sec": 1.5,
      "intensity": {
        "cel": 0.039453815668821335,
        "cla": 0.02316918596625328,
        "flu": 0.00377223314717412,
        "gac": 0.3699052333831787,
        "gel": 0.08974345028400421,
        "org": 0.0037194411270320415,
        "pia": 0.013627467676997185,
        "sax": 0.23804326355457306,
        "tru": 0.018610645085573196,
        "vio": 0.08926268666982651,
        "voi": 0.009106455370783806
      }
    }
  ]
}