{
  "audio_file": "01 - Airdrop-2.wav",
  "segment_duration_sec": 3.0,
  "hop_duration_sec": 1.5,
  "aggregation": "average",
  "smoothing": {
    "method": "moving_average",
    "window": 3
  },
  "threshold": 0.25,
  "classes": [
    "cel",
    "cla",
    "flu",
    "gac",
    "gel",
    "org",
    "pia",
    "sax",
    "tru",
    "vio",
    "voi"
  ],
  "timeline": [
    {
      "time_sec": 0.0,
      "intensity": {
        "cel": 0.014620822854340076,
        "cla": 0.007320754695683718,
        "flu": 0.03120620921254158,
        "gac": 0.10292933136224747,
        "gel": 0.16678272187709808,
        "org": 0.01739058457314968,
        "pia": 0.09945265203714371,
        "sax": 0.017260171473026276,
        "tru": 0.007893761619925499,
        "vio": 0.036438245326280594,
        "voi": 0.008271266706287861
      }
    },
    {
      "time_sec": 1.5,
      "intensity": {
        "cel": 0.03175143897533417,
        "cla": 0.011773386038839817,
        "flu": 0.032023835927248,
        "gac": 0.15183323621749878,
        "gel": 0.22624868154525757,
        "org": 0.02096637524664402,
        "pia": 0.15646317601203918,
        "sax": 0.02053426019847393,
        "tru": 0.01818826049566269,
        "vio": 0.05180777609348297,
        "voi": 0.010104007087647915
      }
    },
    {
      "time_sec": 3.0,
      "intensity": {
        "cel": 0.03086687996983528,
        "cla": 0.009661965072154999,
        "flu": 0.002170301740989089,
        "gac": 0.18381810188293457,
        "gel": 0.27458077669143677,
        "org": 0.008128290995955467,
        "pia": 0.21955442428588867,
        "sax": 0.02174810692667961,
        "tru": 0.02228105068206787,
        "vio": 0.037444889545440674,
        "voi": 0.006864734459668398
      }
    },
    {
      "time_sec": 4.5,
      "intensity": {
        "cel": 0.023519858717918396,
        "cla": 0.005256530828773975,
        "flu": 0.0016234359936788678,
        "gac": 0.12378297001123428,
        "gel": 0.17457358539104462,
        "org": 0.00433632917702198,
        "pia": 0.15308384597301483,
        "sax": 0.007858234457671642,
        "tru": 0.016090521588921547,
        "vio": 0.03180104121565819,
        "voi": 0.0037661052774637938
      }
    }
  ]
}