{
  "audio_file": "01 - Led Zeppelin - Custard Pie-1.wav",
  "segment_duration_sec": 3.0,
  "hop_duration_sec": 1.5,
  "aggregation": "average",
  "smoothing": {
    "method": "moving_average",
    "window": 3
  },
  "threshold": 0.25,
  "classes": [
    "cel",
    "cla",
    "flu",
    "gac",
    "gel",
    "org",
    "pia",
    "sax",
    "tru",
    "vio",
    "voi"
  ],
  "timeline": [
    {
      "time_sec": 0.0,
      "intensity": {
        "cel": 0.013493449427187443,
        "cla": 0.007479027379304171,
        "flu": 0.06509099900722504,
        "gac": 0.006363811902701855,
        "gel": 0.06827482581138611,
        "org": 0.054966725409030914,
        "pia": 0.005013863556087017,
        "sax": 0.12020117789506912,
        "tru": 0.2264435589313507,
        "vio": 0.0186903215944767,
        "voi": 0.048347603529691696
      }
    },
    {
      "time_sec": 1.5,
      "intensity": {
        "cel": 0.022721081972122192,
        "cla": 0.00555786769837141,
        "flu": 0.15876638889312744,
        "gac": 0.0432237908244133,
        "gel": 0.13806390762329102,
        "org": 0.020685069262981415,
        "pia": 0.007190318312495947,
        "sax": 0.04867542162537575,
        "tru": 0.07038338482379913,
        "vio": 0.07932916283607483,
        "voi": 0.04126985743641853
      }
    }
  ]
}