{
  "audio_file": "01 - Honky Cat-27.wav",
  "segment_duration_sec": 3.0,
  "hop_duration_sec": 1.5,
  "aggregation": "average",
  "smoothing": {
    "method": "moving_average",
    "window": 3
  },
  "threshold": 0.25,
  "classes": [
    "cel",
    "cla",
    "flu",
    "gac",
    "gel",
    "org",
    "pia",
    "sax",
    "tru",
    "vio",
    "voi"
  ],
  "timeline": [
    {
      "time_sec": 0.0,
      "intensity": {
        "cel": 0.01618214137852192,
        "cla": 0.026530422270298004,
        "flu": 0.023554639890789986,
        "gac": 0.2540224492549896,
        "gel": 0.041239697486162186,
        "org": 0.013230038806796074,
        "pia": 0.37941235303878784,
        "sax": 0.024701662361621857,
        "tru": 0.001896799891255796,
        "vio": 0.0225678738206625,
        "voi": 0.003470405237749219
      }
    },
    {
      "time_sec": 1.5,
      "intensity": {
        "cel": 0.002191307255998254,
        "cla": 0.027046874165534973,
        "flu": 0.009359634481370449,
        "gac": 0.6817516088485718,
        "gel": 0.02834698185324669,
        "org": 0.0044607496820390224,
        "pia": 0.6807259321212769,
        "sax": 0.012262550182640553,
        "tru": 0.0013031780254095793,
        "vio": 0.023717036470770836,
        "voi": 0.00615837424993515
      }
    }
  ]
}