{
  "audio_file": "01 - roads-18.wav",
  "segment_duration_sec": 3.0,
  "hop_duration_sec": 1.5,
  "aggregation": "average",
  "smoothing": {
    "method": "moving_average",
    "window": 3
  },
  "threshold": 0.25,
  "classes": [
    "cel",
    "cla",
    "flu",
    "gac",
    "gel",
    "org",
    "pia",
    "sax",
    "tru",
    "vio",
    "voi"
  ],
  "timeline": [
    {
      "time_sec": 0.0,
      "intensity": {
        "cel": 0.010069277137517929,
        "cla": 0.016224103048443794,
        "flu": 0.0717880129814148,
        "gac": 0.019933899864554405,
        "gel": 0.04524636268615723,
        "org": 0.011354726739227772,
        "pia": 0.013217502273619175,
        "sax": 0.024776974692940712,
        "tru": 0.011145959608256817,
        "vio": 0.011837013997137547,
        "voi": 0.41003867983818054
      }
    },
    {
      "time_sec": 1.5,
      "intensity": {
        "cel": 0.013938583433628082,
        "cla": 0.023224936798214912,
        "flu": 0.19963513314723969,
        "gac": 0.02767910622060299,
        "gel": 0.06996430456638336,
        "org": 0.012509334832429886,
        "pia": 0.014213340356945992,
        "sax": 0.03208959847688675,
        "tru": 0.012782318517565727,
        "vio": 0.044006068259477615,
        "voi": 0.6862519383430481
      }
    },
    {
      "time_sec": 3.0,
      "intensity": {
        "cel": 0.011487253941595554,
        "cla": 0.01676422357559204,
        "flu": 0.17702490091323853,
        "gac": 0.023321714252233505,
        "gel": 0.03955533355474472,
        "org": 0.006544640753418207,
        "pia": 0.013083361089229584,
        "sax": 0.019110461696982384,
        "tru": 0.005754558835178614,
        "vio": 0.03879791498184204,
        "voi": 0.4716975688934326
      }
    }
  ]
}