{
  "audio_file": "01 - Inolvidable-3.wav",
  "segment_duration_sec": 3.0,
  "hop_duration_sec": 1.5,
  "aggregation": "average",
  "smoothing": {
    "method": "moving_average",
    "window": 3
  },
  "threshold": 0.25,
  "classes": [
    "cel",
    "cla",
    "flu",
    "gac",
    "gel",
    "org",
    "pia",
    "sax",
    "tru",
    "vio",
    "voi"
  ],
  "timeline": [
    {
      "time_sec": 0.0,
      "intensity": {
        "cel": 0.010275055654346943,
        "cla": 0.022299889475107193,
        "flu": 0.014162397012114525,
        "gac": 0.003888482693582773,
        "gel": 0.0016130012227222323,
        "org": 0.02606874890625477,
        "pia": 0.0022953625302761793,
        "sax": 0.04258408397436142,
        "tru": 0.013237051665782928,
        "vio": 0.020105252042412758,
        "voi": 0.9627131223678589
      }
    },
    {
      "time_sec": 1.5,
      "intensity": {
        "cel": 0.009496830403804779,
        "cla": 0.008153012953698635,
        "flu": 0.004775170236825943,
        "gac": 0.007688433397561312,
        "gel": 0.062253687530756,
        "org": 0.03371303156018257,
        "pia": 0.012446961365640163,
        "sax": 0.06785707920789719,
        "tru": 0.043314170092344284,
        "vio": 0.013227717950940132,
        "voi": 0.8828417658805847
      }
    }
  ]
}