{
  "audio_file": "01 - roads-4.wav",
  "segment_duration_sec": 3.0,
  "hop_duration_sec": 1.5,
  "aggregation": "average",
  "smoothing": {
    "method": "moving_average",
    "window": 3
  },
  "threshold": 0.25,
  "classes": [
    "cel",
    "cla",
    "flu",
    "gac",
    "gel",
    "org",
    "pia",
    "sax",
    "tru",
    "vio",
    "voi"
  ],
  "timeline": [
    {
      "time_sec": 0.0,
      "intensity": {
        "cel": 0.017503099516034126,
        "cla": 0.004820710048079491,
        "flu": 0.07752157747745514,
        "gac": 0.012010140344500542,
        "gel": 0.06317462772130966,
        "org": 0.0618627704679966,
        "pia": 0.0003662398084998131,
        "sax": 0.006039947737008333,
        "tru": 0.0060684774070978165,
        "vio": 0.004992739297449589,
        "voi": 0.4553094208240509
      }
    },
    {
      "time_sec": 1.5,
      "intensity": {
        "cel": 0.019180789589881897,
        "cla": 0.0056943027302622795,
        "flu": 0.0792083814740181,
        "gac": 0.012636378407478333,
        "gel": 0.11734458804130554,
        "org": 0.0667894035577774,
        "pia": 0.0009156056330539286,
        "sax": 0.010020415298640728,
        "tru": 0.006462336517870426,
        "vio": 0.008634310215711594,
        "voi": 0.7775335311889648
      }
    },
    {
      "time_sec": 3.0,
      "intensity": {
        "cel": 0.0021915833931416273,
        "cla": 0.0018427136819809675,
        "flu": 0.0035413396544754505,
        "gac": 0.002181609161198139,
        "gel": 0.0648341029882431,
        "org": 0.019144807010889053,
        "pia": 0.0006775223300792277,
        "sax": 0.007733386941254139,
        "tru": 0.0008421384263783693,
        "vio": 0.006261012051254511,
        "voi": 0.6506394147872925
      }
    }
  ]
}