{
  "audio_file": "01 - Honky Cat-31.wav",
  "segment_duration_sec": 3.0,
  "hop_duration_sec": 1.5,
  "aggregation": "average",
  "smoothing": {
    "method": "moving_average",
    "window": 3
  },
  "threshold": 0.25,
  "classes": [
    "cel",
    "cla",
    "flu",
    "gac",
    "gel",
    "org",
    "pia",
    "sax",
    "tru",
    "vio",
    "voi"
  ],
  "timeline": [
    {
      "time_sec": 0.0,
      "intensity": {
        "cel": 0.005798676982522011,
        "cla": 0.002158242277801037,
        "flu": 0.006262259092181921,
        "gac": 0.02213151380419731,
        "gel": 0.029347065836191177,
        "org": 0.0016552748857066035,
        "pia": 0.0012144568609073758,
        "sax": 0.013258704915642738,
        "tru": 0.031083283945918083,
        "vio": 0.045023612678050995,
        "voi": 0.9384405016899109
      }
    },
    {
      "time_sec": 1.5,
      "intensity": {
        "cel": 0.023586321622133255,
        "cla": 0.012868319638073444,
        "flu": 0.00506926141679287,
        "gac": 0.01453086081892252,
        "gel": 0.02208617702126503,
        "org": 0.007978984154760838,
        "pia": 0.0021427881438285112,
        "sax": 0.12280965596437454,
        "tru": 0.02373538725078106,
        "vio": 0.008217275142669678,
        "voi": 0.8166441917419434
      }
    }
  ]
}