{
  "audio_file": "01 - Honky Cat-15.wav",
  "segment_duration_sec": 3.0,
  "hop_duration_sec": 1.5,
  "aggregation": "average",
  "smoothing": {
    "method": "moving_average",
    "window": 3
  },
  "threshold": 0.25,
  "classes": [
    "cel",
    "cla",
    "flu",
    "gac",
    "gel",
    "org",
    "pia",
    "sax",
    "tru",
    "vio",
    "voi"
  ],
  "timeline": [
    {
      "time_sec": 0.0,
      "intensity": {
        "cel": 0.007792468182742596,
        "cla": 0.005876073148101568,
        "flu": 0.010239232331514359,
        "gac": 0.0032833542209118605,
        "gel": 0.015953151509165764,
        "org": 0.0007904148660600185,
        "pia": 0.0009641388314776123,
        "sax": 0.052089493721723557,
        "tru": 0.012190005742013454,
        "vio": 0.06454754620790482,
        "voi": 0.4671940207481384
      }
    },
    {
      "time_sec": 1.5,
      "intensity": {
        "cel": 0.008685968816280365,
        "cla": 0.01396668329834938,
        "flu": 0.010965821333229542,
        "gac": 0.005192159209400415,
        "gel": 0.01649538427591324,
        "org": 0.0016346308402717113,
        "pia": 0.0011543764267116785,
        "sax": 0.07160508632659912,
        "tru": 0.024368707090616226,
        "vio": 0.06953605264425278,
        "voi": 0.7981438040733337
      }
    },
    {
      "time_sec": 3.0,
      "intensity": {
        "cel": 0.0021289356518536806,
        "cla": 0.01118971686810255,
        "flu": 0.0045615304261446,
        "gac": 0.0034371709916740656,
        "gel": 0.003263684920966625,
        "org": 0.0010162054095417261,
        "pia": 0.00039959276909939945,
        "sax": 0.05164770409464836,
        "tru": 0.018272394314408302,
        "vio": 0.026095015928149223,
        "voi": 0.6499359607696533
      }
    }
  ]
}