{
  "audio_file": "01 - roads-20.wav",
  "segment_duration_sec": 3.0,
  "hop_duration_sec": 1.5,
  "aggregation": "average",
  "smoothing": {
    "method": "moving_average",
    "window": 3
  },
  "threshold": 0.25,
  "classes": [
    "cel",
    "cla",
    "flu",
    "gac",
    "gel",
    "org",
    "pia",
    "sax",
    "tru",
    "vio",
    "voi"
  ],
  "timeline": [
    {
      "time_sec": 0.0,
      "intensity": {
        "cel": 0.0038924366235733032,
        "cla": 0.006726520601660013,
        "flu": 0.008084786124527454,
        "gac": 0.018162628635764122,
        "gel": 0.029981151223182678,
        "org": 0.018304169178009033,
        "pia": 0.0001904183009173721,
        "sax": 0.008362549357116222,
        "tru": 0.0021452521905303,
        "vio": 0.008990737609565258,
        "voi": 0.6496174931526184
      }
    },
    {
      "time_sec": 1.5,
      "intensity": {
        "cel": 0.004406834486871958,
        "cla": 0.007569086737930775,
        "flu": 0.011893990449607372,
        "gac": 0.018597327172756195,
        "gel": 0.03773031756281853,
        "org": 0.021937726065516472,
        "pia": 0.0006006688345223665,
        "sax": 0.01408436056226492,
        "tru": 0.002339520025998354,
        "vio": 0.01307833194732666,
        "voi": 0.9799025654792786
      }
    },
    {
      "time_sec": 3.0,
      "intensity": {
        "cel": 0.0008554947562515736,
        "cla": 0.0020838743075728416,
        "flu": 0.007083863485604525,
        "gac": 0.005247883964329958,
        "gel": 0.015230006538331509,
        "org": 0.011261731386184692,
        "pia": 0.0004588205774780363,
        "sax": 0.01013284083455801,
        "tru": 0.0005770248826593161,
        "vio": 0.009027465246617794,
        "voi": 0.6604059934616089
      }
    }
  ]
}