{
  "audio_file": "01 - Honky Cat-23.wav",
  "segment_duration_sec": 3.0,
  "hop_duration_sec": 1.5,
  "aggregation": "average",
  "smoothing": {
    "method": "moving_average",
    "window": 3
  },
  "threshold": 0.25,
  "classes": [
    "cel",
    "cla",
    "flu",
    "gac",
    "gel",
    "org",
    "pia",
    "sax",
    "tru",
    "vio",
    "voi"
  ],
  "timeline": [
    {
      "time_sec": 0.0,
      "intensity": {
        "cel": 0.002236244734376669,
        "cla": 0.01900862529873848,
        "flu": 0.004904262721538544,
        "gac": 0.009427365846931934,
        "gel": 0.006636118516325951,
        "org": 0.01574310101568699,
        "pia": 0.003284718142822385,
        "sax": 0.0853864997625351,
        "tru": 0.011816645041108131,
        "vio": 0.025087056681513786,
        "voi": 0.8473336696624756
      }
    },
    {
      "time_sec": 1.5,
      "intensity": {
        "cel": 0.002276209183037281,
        "cla": 0.036958761513233185,
        "flu": 0.006267668213695288,
        "gac": 0.010769621469080448,
        "gel": 0.018399110063910484,
        "org": 0.01054409984499216,
        "pia": 0.0019879851024597883,
        "sax": 0.11817941814661026,
        "tru": 0.010610836558043957,
        "vio": 0.06481114029884338,
        "voi": 0.7875473499298096
      }
    }
  ]
}