{
  "audio_file": "01 - Inolvidable-1.wav",
  "segment_duration_sec": 3.0,
  "hop_duration_sec": 1.5,
  "aggregation": "average",
  "smoothing": {
    "method": "moving_average",
    "window": 3
  },
  "threshold": 0.25,
  "classes": [
    "cel",
    "cla",
    "flu",
    "gac",
    "gel",
    "org",
    "pia",
    "sax",
    "tru",
    "vio",
    "voi"
  ],
  "timeline": [
    {
      "time_sec": 0.0,
      "intensity": {
        "cel": 0.005414261948317289,
        "cla": 0.025920476764440536,
        "flu": 0.001313383923843503,
        "gac": 0.11341720819473267,
        "gel": 0.0047224825248122215,
        "org": 0.0008932069176808,
        "pia": 0.33220192790031433,
        "sax": 0.03608860820531845,
        "tru": 0.07655197381973267,
        "vio": 0.006229354999959469,
        "voi": 0.0005829608417116106
      }
    },
    {
      "time_sec": 1.5,
      "intensity": {
        "cel": 0.008961117826402187,
        "cla": 0.02840917371213436,
        "flu": 0.002575257560238242,
        "gac": 0.13359451293945312,
        "gel": 0.006544917821884155,
        "org": 0.0011968371691182256,
        "pia": 0.6429914236068726,
        "sax": 0.0423990860581398,
        "tru": 0.08728071302175522,
        "vio": 0.0068093291483819485,
        "voi": 0.0009996379958465695
      }
    },
    {
      "time_sec": 3.0,
      "intensity": {
        "cel": 0.006352911237627268,
        "cla": 0.011476640589535236,
        "flu": 0.002072584815323353,
        "gac": 0.07321882992982864,
        "gel": 0.0027057041879743338,
        "org": 0.0006448589847423136,
        "pia": 0.48767152428627014,
        "sax": 0.03458061069250107,
        "tru": 0.04422396793961525,
        "vio": 0.0014071305049583316,
        "voi": 0.0007188566960394382
      }
    }
  ]
}