{
  "audio_file": "01 - roads-12.wav",
  "segment_duration_sec": 3.0,
  "hop_duration_sec": 1.5,
  "aggregation": "average",
  "smoothing": {
    "method": "moving_average",
    "window": 3
  },
  "threshold": 0.25,
  "classes": [
    "cel",
    "cla",
    "flu",
    "gac",
    "gel",
    "org",
    "pia",
    "sax",
    "tru",
    "vio",
    "voi"
  ],
  "timeline": [
    {
      "time_sec": 0.0,
      "intensity": {
        "cel": 0.0010495344176888466,
        "cla": 0.00227704388089478,
        "flu": 0.0056215496733784676,
        "gac": 0.001970243640244007,
        "gel": 0.022140204906463623,
        "org": 0.0076261707581579685,
        "pia": 0.004217781126499176,
        "sax": 0.013319225050508976,
        "tru": 0.0029422149527817965,
        "vio": 0.004220789764076471,
        "voi": 0.6649859547615051
      }
    },
    {
      "time_sec": 1.5,
      "intensity": {
        "cel": 0.0014920999528840184,
        "cla": 0.003076177090406418,
        "flu": 0.007123392075300217,
        "gac": 0.002164701232686639,
        "gel": 0.03356042876839638,
        "org": 0.008359495550394058,
        "pia": 0.00461345911026001,
        "sax": 0.016944410279393196,
        "tru": 0.0044451188296079636,
        "vio": 0.013813549652695656,
        "voi": 0.9954624176025391
      }
    },
    {
      "time_sec": 3.0,
      "intensity": {
        "cel": 0.0005631401436403394,
        "cla": 0.0009942823089659214,
        "flu": 0.0019547573756426573,
        "gac": 0.0002656245487742126,
        "gel": 0.01494191400706768,
        "org": 0.002238581422716379,
        "pia": 0.0007781028980389237,
        "sax": 0.007304285187274218,
        "tru": 0.003317546332255006,
        "vio": 0.011943075805902481,
        "voi": 0.6636925935745239
      }
    }
  ]
}