{
  "audio_file": "01 - Inolvidable-13.wav",
  "segment_duration_sec": 3.0,
  "hop_duration_sec": 1.5,
  "aggregation": "average",
  "smoothing": {
    "method": "moving_average",
    "window": 3
  },
  "threshold": 0.25,
  "classes": [
    "cel",
    "cla",
    "flu",
    "gac",
    "gel",
    "org",
    "pia",
    "sax",
    "tru",
    "vio",
    "voi"
  ],
  "timeline": [
    {
      "time_sec": 0.0,
      "intensity": {
        "cel": 0.005838559474796057,
        "cla": 0.011014169082045555,
        "flu": 0.002997791627421975,
        "gac": 0.23375727236270905,
        "gel": 0.009440448135137558,
        "org": 0.008128315210342407,
        "pia": 0.25159764289855957,
        "sax": 0.03811010345816612,
        "tru": 0.030203603208065033,
        "vio": 0.0013275108067318797,
        "voi": 0.10917261987924576
      }
    },
    {
      "time_sec": 1.5,
      "intensity": {
        "cel": 0.021710127592086792,
        "cla": 0.020307311788201332,
        "flu": 0.005093221552670002,
        "gac": 0.3022296130657196,
        "gel": 0.01086930837482214,
        "org": 0.00965726375579834,
        "pia": 0.3377875089645386,
        "sax": 0.0559881292283535,
        "tru": 0.035411328077316284,
        "vio": 0.0029311529360711575,
        "voi": 0.19425490498542786
      }
    },
    {
      "time_sec": 3.0,
      "intensity": {
        "cel": 0.01918199099600315,
        "cla": 0.015162442810833454,
        "flu": 0.003370382357388735,
        "gac": 0.17978985607624054,
        "gel": 0.006618472281843424,
        "org": 0.0059875743463635445,
        "pia": 0.20289476215839386,
        "sax": 0.040154941380023956,
        "tru": 0.014440400525927544,
        "vio": 0.0023805394303053617,
        "voi": 0.12997378408908844
      }
    }
  ]
}