{
  "audio_file": "01 - 999-12.wav",
  "segment_duration_sec": 3.0,
  "hop_duration_sec": 1.5,
  "aggregation": "average",
  "smoothing": {
    "method": "moving_average",
    "window": 3
  },
  "threshold": 0.25,
  "classes": [
    "cel",
    "cla",
    "flu",
    "gac",
    "gel",
    "org",
    "pia",
    "sax",
    "tru",
    "vio",
    "voi"
  ],
  "timeline": [
    {
      "time_sec": 0.0,
      "intensity": {
        "cel": 0.005867278203368187,
        "cla": 0.0018245698884129524,
        "flu": 0.0008886719588190317,
        "gac": 0.0011824750108644366,
        "gel": 0.11742912977933884,
        "org": 0.00888750609010458,
        "pia": 0.0019218763336539268,
        "sax": 0.025117844343185425,
        "tru": 0.013678834773600101,
        "vio": 0.00980444997549057,
        "voi": 0.5879703760147095
      }
    },
    {
      "time_sec": 1.5,
      "intensity": {
        "cel": 0.011815514415502548,
        "cla": 0.0035415897145867348,
        "flu": 0.002688737353309989,
        "gac": 0.0024246072862297297,
        "gel": 0.1967332810163498,
        "org": 0.011122580617666245,
        "pia": 0.0038745219353586435,
        "sax": 0.038407355546951294,
        "tru": 0.021391434594988823,
        "vio": 0.012884650379419327,
        "voi": 0.853040874004364
      }
    },
    {
      "time_sec": 3.0,
      "intensity": {
        "cel": 0.006986001506447792,
        "cla": 0.002756238216534257,
        "flu": 0.0020008478313684464,
        "gac": 0.0015716634225100279,
        "gel": 0.12752482295036316,
        "org": 0.0026448566932231188,
        "pia": 0.0029542676638811827,
        "sax": 0.02977273426949978,
        "tru": 0.010088346898555756,
        "vio": 0.008186946623027325,
        "voi": 0.5933722853660583
      }
    }
  ]
}