{
  "audio_file": "01 - Inolvidable-2.wav",
  "segment_duration_sec": 3.0,
  "hop_duration_sec": 1.5,
  "aggregation": "average",
  "smoothing": {
    "method": "moving_average",
    "window": 3
  },
  "threshold": 0.25,
  "classes": [
    "cel",
    "cla",
    "flu",
    "gac",
    "gel",
    "org",
    "pia",
    "sax",
    "tru",
    "vio",
    "voi"
  ],
  "timeline": [
    {
      "time_sec": 0.0,
      "intensity": {
        "cel": 0.0006181378266774118,
        "cla": 0.004505347926169634,
        "flu": 0.002548912772908807,
        "gac": 0.0012284202966839075,
        "gel": 0.0009834193624556065,
        "org": 0.003487180219963193,
        "pia": 0.002141492674127221,
        "sax": 0.03628210723400116,
        "tru": 0.001976450439542532,
        "vio": 0.010148042812943459,
        "voi": 0.9994422793388367
      }
    },
    {
      "time_sec": 1.5,
      "intensity": {
        "cel": 0.001984392525628209,
        "cla": 0.005282426718622446,
        "flu": 0.012445807456970215,
        "gac": 0.002798115834593773,
        "gel": 0.005416278261691332,
        "org": 0.0023463121615350246,
        "pia": 0.004532291553914547,
        "sax": 0.08144880086183548,
        "tru": 0.007856479845941067,
        "vio": 0.0041954293847084045,
        "voi": 0.9977644681930542
      }
    }
  ]
}