{
  "audio_file": "01 - Da Duh Dah-15.wav",
  "segment_duration_sec": 3.0,
  "hop_duration_sec": 1.5,
  "aggregation": "average",
  "smoothing": {
    "method": "moving_average",
    "window": 3
  },
  "threshold": 0.25,
  "classes": [
    "cel",
    "cla",
    "flu",
    "gac",
    "gel",
    "org",
    "pia",
    "sax",
    "tru",
    "vio",
    "voi"
  ],
  "timeline": [
    {
      "time_sec": 0.0,
      "intensity": {
        "cel": 0.006887965369969606,
        "cla": 0.018201855942606926,
        "flu": 0.10564850270748138,
        "gac": 0.006931934971362352,
        "gel": 0.028984542936086655,
        "org": 0.006085764616727829,
        "pia": 0.0208450835198164,
        "sax": 0.16769462823867798,
        "tru": 0.05451352149248123,
        "vio": 0.05348295345902443,
        "voi": 0.023635398596525192
      }
    },
    {
      "time_sec": 1.5,
      "intensity": {
        "cel": 0.010923977941274643,
        "cla": 0.024514522403478622,
        "flu": 0.2686536908149719,
        "gac": 0.009836440905928612,
        "gel": 0.03414490073919296,
        "org": 0.008083421736955643,
        "pia": 0.026052340865135193,
        "sax": 0.27202874422073364,
        "tru": 0.05729316547513008,
        "vio": 0.08256364613771439,
        "voi": 0.049302421510219574
      }
    },
    {
      "time_sec": 3.0,
      "intensity": {
        "cel": 0.008978815749287605,
        "cla": 0.016986941918730736,
        "flu": 0.2542777955532074,
        "gac": 0.0064423275180161,
        "gel": 0.012011057697236538,
        "org": 0.0036111995577812195,
        "pia": 0.009865598753094673,
        "sax": 0.20491823554039001,
        "tru": 0.017158105969429016,
        "vio": 0.07478037476539612,
        "voi": 0.04531178995966911
      }
    }
  ]
}