{
  "audio_file": "01 - Honky Cat-30.wav",
  "segment_duration_sec": 3.0,
  "hop_duration_sec": 1.5,
  "aggregation": "average",
  "smoothing": {
    "method": "moving_average",
    "window": 3
  },
  "threshold": 0.25,
  "classes": [
    "cel",
    "cla",
    "flu",
    "gac",
    "gel",
    "org",
    "pia",
    "sax",
    "tru",
    "vio",
    "voi"
  ],
  "timeline": [
    {
      "time_sec": 0.0,
      "intensity": {
        "cel": 0.0036465413868427277,
        "cla": 0.03541172668337822,
        "flu": 0.012634681537747383,
        "gac": 0.015607396140694618,
        "gel": 0.014820978976786137,
        "org": 0.00047702062875032425,
        "pia": 0.005755262449383736,
        "sax": 0.23532363772392273,
        "tru": 0.0017545040464028716,
        "vio": 0.12701964378356934,
        "voi": 0.8727697730064392
      }
    },
    {
      "time_sec": 1.5,
      "intensity": {
        "cel": 0.007562912069261074,
        "cla": 0.013705453835427761,
        "flu": 0.006922908127307892,
        "gac": 0.010944029316306114,
        "gel": 0.022216564044356346,
        "org": 0.0006548205274157226,
        "pia": 0.004899246152490377,
        "sax": 0.09565580636262894,
        "tru": 0.004899580962955952,
        "vio": 0.18568994104862213,
        "voi": 0.9039933681488037
      }
    }
  ]
}