{
  "audio_file": "01 - Honky Cat-29.wav",
  "segment_duration_sec": 3.0,
  "hop_duration_sec": 1.5,
  "aggregation": "average",
  "smoothing": {
    "method": "moving_average",
    "window": 3
  },
  "threshold": 0.25,
  "classes": [
    "cel",
    "cla",
    "flu",
    "gac",
    "gel",
    "org",
    "pia",
    "sax",
    "tru",
    "vio",
    "voi"
  ],
  "timeline": [
    {
      "time_sec": 0.0,
      "intensity": {
        "cel": 0.0017579952254891396,
        "cla": 0.014140063896775246,
        "flu": 0.05102276802062988,
        "gac": 0.1882101148366928,
        "gel": 0.03454035893082619,
        "org": 0.0010930976131930947,
        "pia": 0.5095305442810059,
        "sax": 0.02981242910027504,
        "tru": 0.004292456898838282,
        "vio": 0.039321910589933395,
        "voi": 0.002362259430810809
      }
    },
    {
      "time_sec": 1.5,
      "intensity": {
        "cel": 0.0045107766054570675,
        "cla": 0.014784303493797779,
        "flu": 0.019926970824599266,
        "gac": 0.5397043228149414,
        "gel": 0.03181440755724907,
        "org": 0.00046684095286764205,
        "pia": 0.6147263646125793,
        "sax": 0.02913646399974823,
        "tru": 0.0022502148058265448,
        "vio": 0.034086667001247406,
        "voi": 0.0026256884448230267
      }
    }
  ]
}