{
  "audio_file": "01 - Airdrop-10.wav",
  "segment_duration_sec": 3.0,
  "hop_duration_sec": 1.5,
  "aggregation": "average",
  "smoothing": {
    "method": "moving_average",
    "window": 3
  },
  "threshold": 0.25,
  "classes": [
    "cel",
    "cla",
    "flu",
    "gac",
    "gel",
    "org",
    "pia",
    "sax",
    "tru",
    "vio",
    "voi"
  ],
  "timeline": [
    {
      "time_sec": 0.0,
      "intensity": {
        "cel": 0.001312403124757111,
        "cla": 0.032503411173820496,
        "flu": 0.01445741392672062,
        "gac": 0.013731630519032478,
        "gel": 0.26785802841186523,
        "org": 0.031104257330298424,
        "pia": 0.10575803369283676,
        "sax": 0.0281264279037714,
        "tru": 0.015969293192029,
        "vio": 0.01663389801979065,
        "voi": 0.0158221535384655
      }
    },
    {
      "time_sec": 1.5,
      "intensity": {
        "cel": 0.0019139617215842009,
        "cla": 0.038534268736839294,
        "flu": 0.016902681440114975,
        "gac": 0.018922360613942146,
        "gel": 0.468573659658432,
        "org": 0.04223877564072609,
        "pia": 0.14648431539535522,
        "sax": 0.038399484008550644,
        "tru": 0.04024011641740799,
        "vio": 0.021569525822997093,
        "voi": 0.020398560911417007
      }
    },
    {
      "time_sec": 3.0,
      "intensity": {
        "cel": 0.002541540190577507,
        "cla": 0.033653996884822845,
        "flu": 0.007757193874567747,
        "gac": 0.019971799105405807,
        "gel": 0.5400956869125366,
        "org": 0.07270319014787674,
        "pia": 0.11694255471229553,
        "sax": 0.033317625522613525,
        "tru": 0.0489964596927166,
        "vio": 0.015642834827303886,
        "voi": 0.011386570520699024
      }
    },
    {
      "time_sec": 4.5,
      "intensity": {
        "cel": 0.0017991005443036556,
        "cla": 0.023080797865986824,
        "flu": 0.004479029215872288,
        "gac": 0.014750738628208637,
        "gel": 0.3739362955093384,
        "org": 0.051326531916856766,
        "pia": 0.07304400950670242,
        "sax": 0.022043783217668533,
        "tru": 0.04211357980966568,
        "vio": 0.0069299545139074326,
        "voi": 0.007003387436270714
      }
    }
  ]
}