{
  "audio_file": "01 - Honky Cat-1.wav",
  "segment_duration_sec": 3.0,
  "hop_duration_sec": 1.5,
  "aggregation": "average",
  "smoothing": {
    "method": "moving_average",
    "window": 3
  },
  "threshold": 0.25,
  "classes": [
    "cel",
    "cla",
    "flu",
    "gac",
    "gel",
    "org",
    "pia",
    "sax",
    "tru",
    "vio",
    "voi"
  ],
  "timeline": [
    {
      "time_sec": 0.0,
      "intensity": {
        "cel": 0.01855558156967163,
        "cla": 0.025946103036403656,
        "flu": 0.0033409183379262686,
        "gac": 0.5273144245147705,
        "gel": 0.008425324223935604,
        "org": 0.0013524797977879643,
        "pia": 0.2491346299648285,
        "sax": 0.016460351645946503,
        "tru": 0.008720246143639088,
        "vio": 0.019182296469807625,
        "voi": 0.003400056390091777
      }
    },
    {
      "time_sec": 1.5,
      "intensity": {
        "cel": 0.023799607530236244,
        "cla": 0.04066302999854088,
        "flu": 0.00620011892169714,
        "gac": 0.7996323704719543,
        "gel": 0.018035417422652245,
        "org": 0.0019025569781661034,
        "pia": 0.26935794949531555,
        "sax": 0.03545266389846802,
        "tru": 0.016669319942593575,
        "vio": 0.028206583112478256,
        "voi": 0.00502310786396265
      }
    },
    {
      "time_sec": 3.0,
      "intensity": {
        "cel": 0.017551884055137634,
        "cla": 0.036302778869867325,
        "flu": 0.005366238299757242,
        "gac": 0.56035977602005,
        "gel": 0.012039944529533386,
        "org": 0.0008618019055575132,
        "pia": 0.06540437787771225,
        "sax": 0.030330391600728035,
        "tru": 0.01057045441120863,
        "vio": 0.02241332083940506,
        "voi": 0.004111463204026222
      }
    }
  ]
}