{
  "audio_file": "01 - Honky Cat-7.wav",
  "segment_duration_sec": 3.0,
  "hop_duration_sec": 1.5,
  "aggregation": "average",
  "smoothing": {
    "method": "moving_average",
    "window": 3
  },
  "threshold": 0.25,
  "classes": [
    "cel",
    "cla",
    "flu",
    "gac",
    "gel",
    "org",
    "pia",
    "sax",
    "tru",
    "vio",
    "voi"
  ],
  "timeline": [
    {
      "time_sec": 0.0,
      "intensity": {
        "cel": 0.0033855631481856108,
        "cla": 0.012106059119105339,
        "flu": 0.002701464807614684,
        "gac": 0.05032268911600113,
        "gel": 0.004061653278768063,
        "org": 0.0004544407711364329,
        "pia": 0.001387596013955772,
        "sax": 0.08064370602369308,
        "tru": 0.00583378691226244,
        "vio": 0.012503783218562603,
        "voi": 0.6004096269607544
      }
    },
    {
      "time_sec": 1.5,
      "intensity": {
        "cel": 0.00780203053727746,
        "cla": 0.015338004566729069,
        "flu": 0.0036352057941257954,
        "gac": 0.0531793050467968,
        "gel": 0.008014848455786705,
        "org": 0.0010600967798382044,
        "pia": 0.001650654710829258,
        "sax": 0.13557982444763184,
        "tru": 0.0526878759264946,
        "vio": 0.029894502833485603,
        "voi": 0.7300733923912048
      }
    },
    {
      "time_sec": 3.0,
      "intensity": {
        "cel": 0.007254429627209902,
        "cla": 0.01385750062763691,
        "flu": 0.002603877102956176,
        "gac": 0.044416580349206924,
        "gel": 0.005620292853564024,
        "org": 0.0008563435403630137,
        "pia": 0.0008958889520727098,
        "sax": 0.1251583695411682,
        "tru": 0.04885656759142876,
        "vio": 0.024649426341056824,
        "voi": 0.3993646204471588
      }
    }
  ]
}