{
  "audio_file": "01 - Roadgame-30.wav",
  "segment_duration_sec": 3.0,
  "hop_duration_sec": 1.5,
  "aggregation": "average",
  "smoothing": {
    "method": "moving_average",
    "window": 3
  },
  "threshold": 0.25,
  "classes": [
    "cel",
    "cla",
    "flu",
    "gac",
    "gel",
    "org",
    "pia",
    "sax",
    "tru",
    "vio",
    "voi"
  ],
  "timeline": [
    {
      "time_sec": 0.0,
      "intensity": {
        "cel": 0.001201856299303472,
        "cla": 0.003216121345758438,
        "flu": 0.04678541049361229,
        "gac": 0.005305977538228035,
        "gel": 0.012379775755107403,
        "org": 0.11137774586677551,
        "pia": 0.07699485123157501,
        "sax": 0.018526360392570496,
        "tru": 0.0019737822003662586,
        "vio": 0.00499158538877964,
        "voi": 0.09261967986822128
      }
    },
    {
      "time_sec": 1.5,
      "intensity": {
        "cel": 0.0036640255711972713,
        "cla": 0.006122554186731577,
        "flu": 0.0547914057970047,
        "gac": 0.02735675312578678,
        "gel": 0.031447287648916245,
        "org": 0.13234557211399078,
        "pia": 0.23285722732543945,
        "sax": 0.030307939276099205,
        "tru": 0.002661369042471051,
        "vio": 0.009405430406332016,
        "voi": 0.09436435997486115
      }
    },
    {
      "time_sec": 3.0,
      "intensity": {
        "cel": 0.003463453147560358,
        "cla": 0.003928202670067549,
        "flu": 0.03705636411905289,
        "gac": 0.02648429572582245,
        "gel": 0.027823809534311295,
        "org": 0.05512654408812523,
        "pia": 0.1900184005498886,
        "sax": 0.023317676037549973,
        "tru": 0.0014285668730735779,
        "vio": 0.008432055823504925,
        "voi": 0.05346934124827385
      }
    }
  ]
}