{
  "audio_file": "01 - Honky Cat-19.wav",
  "segment_duration_sec": 3.0,
  "hop_duration_sec": 1.5,
  "aggregation": "average",
  "smoothing": {
    "method": "moving_average",
    "window": 3
  },
  "threshold": 0.25,
  "classes": [
    "cel",
    "cla",
    "flu",
    "gac",
    "gel",
    "org",
    "pia",
    "sax",
    "tru",
    "vio",
    "voi"
  ],
  "timeline": [
    {
      "time_sec": 0.0,
      "intensity": {
        "cel": 0.011367795057594776,
        "cla": 0.002581524895504117,
        "flu": 0.033743716776371,
        "gac": 0.027668870985507965,
        "gel": 0.015936747193336487,
        "org": 0.0004972729366272688,
        "pia": 0.002230365527793765,
        "sax": 0.05845444276928902,
        "tru": 0.022531598806381226,
        "vio": 0.05012500286102295,
        "voi": 0.418121874332428
      }
    },
    {
      "time_sec": 1.5,
      "intensity": {
        "cel": 0.014344721101224422,
        "cla": 0.022585902363061905,
        "flu": 0.03508428856730461,
        "gac": 0.053738851100206375,
        "gel": 0.021012544631958008,
        "org": 0.0008854628540575504,
        "pia": 0.002976550254970789,
        "sax": 0.11208835244178772,
        "tru": 0.02662528306245804,
        "vio": 0.06322942674160004,
        "voi": 0.6902074813842773
      }
    },
    {
      "time_sec": 3.0,
      "intensity": {
        "cel": 0.003970257472246885,
        "cla": 0.02080851048231125,
        "flu": 0.002602586755529046,
        "gac": 0.03249141573905945,
        "gel": 0.011451847851276398,
        "org": 0.0005946058081462979,
        "pia": 0.0011182765010744333,
        "sax": 0.08687049150466919,
        "tru": 0.014563635922968388,
        "vio": 0.020999286323785782,
        "voi": 0.5934333801269531
      }
    }
  ]
}