{
  "audio_file": "01 - La leyenda del tiempo-2.wav",
  "segment_duration_sec": 3.0,
  "hop_duration_sec": 1.5,
  "aggregation": "average",
  "smoothing": {
    "method": "moving_average",
    "window": 3
  },
  "threshold": 0.25,
  "classes": [
    "cel",
    "cla",
    "flu",
    "gac",
    "gel",
    "org",
    "pia",
    "sax",
    "tru",
    "vio",
    "voi"
  ],
  "timeline": [
    {
      "time_sec": 0.0,
      "intensity": {
        "cel": 0.001951629645191133,
        "cla": 0.013122030533850193,
        "flu": 0.03808651864528656,
        "gac": 0.6499875783920288,
        "gel": 0.13608071208000183,
        "org": 0.005493706092238426,
        "pia": 0.021724428981542587,
        "sax": 0.0008588546770624816,
        "tru": 0.0018973721889778972,
        "vio": 0.0005809838767163455,
        "voi": 0.000627566478215158
      }
    },
    {
      "time_sec": 1.5,
      "intensity": {
        "cel": 0.0029496534261852503,
        "cla": 0.015064268372952938,
        "flu": 0.0762137770652771,
        "gac": 0.9776560068130493,
        "gel": 0.16132821142673492,
        "org": 0.009165128692984581,
        "pia": 0.024294286966323853,
        "sax": 0.0010931678116321564,
        "tru": 0.004013834521174431,
        "vio": 0.000795230851508677,
        "voi": 0.0025716011878103018
      }
    },
    {
      "time_sec": 3.0,
      "intensity": {
        "cel": 0.0032067992724478245,
        "cla": 0.015301169827580452,
        "flu": 0.12649931013584137,
        "gac": 0.9708518981933594,
        "gel": 0.14613714814186096,
        "org": 0.008624939247965813,
        "pia": 0.01897481270134449,
        "sax": 0.00117013743147254,
        "tru": 0.004807113669812679,
        "vio": 0.001378146349452436,
        "voi": 0.003070410806685686
      }
    },
    {
      "time_sec": 4.5,
      "intensity": {
        "cel": 0.0024339333176612854,
        "cla": 0.004955550190061331,
        "flu": 0.11336766183376312,
        "gac": 0.6464594006538391,
        "gel": 0.06858557462692261,
        "org": 0.006691174581646919,
        "pia": 0.005684062372893095,
        "sax": 0.0004762032476719469,
        "tru": 0.003499462269246578,
        "vio": 0.0011738515459001064,
        "voi": 0.002914497861638665
      }
    }
  ]
}