{
  "audio_file": "01 - Honky Cat-32.wav",
  "segment_duration_sec": 3.0,
  "hop_duration_sec": 1.5,
  "aggregation": "average",
  "smoothing": {
    "method": "moving_average",
    "window": 3
  },
  "threshold": 0.25,
  "classes": [
    "cel",
    "cla",
    "flu",
    "gac",
    "gel",
    "org",
    "pia",
    "sax",
    "tru",
    "vio",
    "voi"
  ],
  "timeline": [
    {
      "time_sec": 0.0,
      "intensity": {
        "cel": 0.01149289682507515,
        "cla": 0.024427184835076332,
        "flu": 0.07163219153881073,
        "gac": 0.2320093810558319,
        "gel": 0.06062561646103859,
        "org": 0.007302770856767893,
        "pia": 0.27202028036117554,
        "sax": 0.029173793271183968,
        "tru": 0.01051798090338707,
        "vio": 0.02011703886091709,
        "voi": 0.008064531721174717
      }
    },
    {
      "time_sec": 1.5,
      "intensity": {
        "cel": 0.007418700028210878,
        "cla": 0.02096685767173767,
        "flu": 0.007257203105837107,
        "gac": 0.2669687271118164,
        "gel": 0.07355376332998276,
        "org": 0.002515489002689719,
        "pia": 0.40284520387649536,
        "sax": 0.05734405666589737,
        "tru": 0.016600733622908592,
        "vio": 0.013470396399497986,
        "voi": 0.018568266183137894
      }
    }
  ]
}