{
  "audio_file": "01 - Honky Cat-5.wav",
  "segment_duration_sec": 3.0,
  "hop_duration_sec": 1.5,
  "aggregation": "average",
  "smoothing": {
    "method": "moving_average",
    "window": 3
  },
  "threshold": 0.25,
  "classes": [
    "cel",
    "cla",
    "flu",
    "gac",
    "gel",
    "org",
    "pia",
    "sax",
    "tru",
    "vio",
    "voi"
  ],
  "timeline": [
    {
      "time_sec": 0.0,
      "intensity": {
        "cel": 0.02739514224231243,
        "cla": 0.01371846441179514,
        "flu": 0.017650067806243896,
        "gac": 0.04474174603819847,
        "gel": 0.01140785776078701,
        "org": 0.00024305979604832828,
        "pia": 0.0018658180488273501,
        "sax": 0.0822785496711731,
        "tru": 0.005582359153777361,
        "vio": 0.1617261916399002,
        "voi": 0.11771265417337418
      }
    },
    {
      "time_sec": 1.5,
      "intensity": {
        "cel": 0.028284162282943726,
        "cla": 0.022847216576337814,
        "flu": 0.020702408626675606,
        "gac": 0.06306824088096619,
        "gel": 0.013113005086779594,
        "org": 0.00040915695717558265,
        "pia": 0.0023311637341976166,
        "sax": 0.10847337543964386,
        "tru": 0.008590850979089737,
        "vio": 0.17907483875751495,
        "voi": 0.4314918518066406
      }
    },
    {
      "time_sec": 3.0,
      "intensity": {
        "cel": 0.013610408641397953,
        "cla": 0.017148956656455994,
        "flu": 0.0051175435073673725,
        "gac": 0.04567800462245941,
        "gel": 0.005262704566121101,
        "org": 0.00026418306515552104,
        "pia": 0.0011983858421444893,
        "sax": 0.07300548255443573,
        "tru": 0.005467440001666546,
        "vio": 0.06623023748397827,
        "voi": 0.4028588533401489
      }
    }
  ]
}