{
  "audio_file": "01 Chuck Mangione_Feels So Good_Feels So Good-29.wav",
  "segment_duration_sec": 3.0,
  "hop_duration_sec": 1.5,
  "aggregation": "average",
  "smoothing": {
    "method": "moving_average",
    "window": 3
  },
  "threshold": 0.25,
  "classes": [
    "cel",
    "cla",
    "flu",
    "gac",
    "gel",
    "org",
    "pia",
    "sax",
    "tru",
    "vio",
    "voi"
  ],
  "timeline": [
    {
      "time_sec": 0.0,
      "intensity": {
        "cel": 0.012977485544979572,
        "cla": 0.10071265697479248,
        "flu": 0.015281205996870995,
        "gac": 0.08767279982566833,
        "gel": 0.028363095596432686,
        "org": 0.021273914724588394,
        "pia": 0.003208709182217717,
        "sax": 0.06737222522497177,
        "tru": 0.01361392717808485,
        "vio": 0.10493393987417221,
        "voi": 0.006507765501737595
      }
    },
    {
      "time_sec": 1.5,
      "intensity": {
        "cel": 0.015317082405090332,
        "cla": 0.11009572446346283,
        "flu": 0.015400823205709457,
        "gac": 0.09171231091022491,
        "gel": 0.045953281223773956,
        "org": 0.022677376866340637,
        "pia": 0.004035226069390774,
        "sax": 0.14512470364570618,
        "tru": 0.02048920840024948,
        "vio": 0.12439005076885223,
        "voi": 0.05637048929929733
      }
    },
    {
      "time_sec": 3.0,
      "intensity": {
        "cel": 0.011543352156877518,
        "cla": 0.0863184779882431,
        "flu": 0.003496593562886119,
        "gac": 0.02597299963235855,
        "gel": 0.023940837010741234,
        "org": 0.00751314964145422,
        "pia": 0.0023978936951607466,
        "sax": 0.13790777325630188,
        "tru": 0.012224304489791393,
        "vio": 0.0891638770699501,
        "voi": 0.052240900695323944
      }
    }
  ]
}