{
  "audio_file": "01 Don't Get Around Much Anymore-1.wav",
  "segment_duration_sec": 3.0,
  "hop_duration_sec": 1.5,
  "aggregation": "average",
  "smoothing": {
    "method": "moving_average",
    "window": 3
  },
  "threshold": 0.25,
  "classes": [
    "cel",
    "cla",
    "flu",
    "gac",
    "gel",
    "org",
    "pia",
    "sax",
    "tru",
    "vio",
    "voi"
  ],
  "timeline": [
    {
      "time_sec": 0.0,
      "intensity": {
        "cel": 0.029758058488368988,
        "cla": 0.023943616077303886,
        "flu": 0.004469415172934532,
        "gac": 0.004112159367650747,
        "gel": 0.022351926192641258,
        "org": 0.06818309426307678,
        "pia": 0.0011935386573895812,
        "sax": 0.15424136817455292,
        "tru": 0.10966404527425766,
        "vio": 0.00767366262152791,
        "voi": 0.03850117698311806
      }
    },
    {
      "time_sec": 1.5,
      "intensity": {
        "cel": 0.03836458921432495,
        "cla": 0.036245062947273254,
        "flu": 0.007967226207256317,
        "gac": 0.006570121739059687,
        "gel": 0.02570815198123455,
        "org": 0.07001079618930817,
        "pia": 0.0017516004154458642,
        "sax": 0.2390042096376419,
        "tru": 0.19574977457523346,
        "vio": 0.02764962427318096,
        "voi": 0.06081525608897209
      }
    },
    {
      "time_sec": 3.0,
      "intensity": {
        "cel": 0.0392012745141983,
        "cla": 0.07262091338634491,
        "flu": 0.011215617880225182,
        "gac": 0.013727303594350815,
        "gel": 0.009821549989283085,
        "org": 0.02059558965265751,
        "pia": 0.002858156803995371,
        "sax": 0.2719910442829132,
        "tru": 0.2341979295015335,
        "vio": 0.04083727300167084,
        "voi": 0.054242175072431564
      }
    },
    {
      "time_sec": 4.5,
      "intensity": {
        "cel": 0.015631547197699547,
        "cla": 0.05974429100751877,
        "flu": 0.008369080722332,
        "gac": 0.01091455202549696,
        "gel": 0.004166281316429377,
        "org": 0.007210833951830864,
        "pia": 0.0022975204046815634,
        "sax": 0.1416957825422287,
        "tru": 0.19251365959644318,
        "vio": 0.037155743688344955,
        "voi": 0.043363671749830246
      }
    }
  ]
}