{
  "audio_file": "01 Don't Get Around Much Anymore-18.wav",
  "segment_duration_sec": 3.0,
  "hop_duration_sec": 1.5,
  "aggregation": "average",
  "smoothing": {
    "method": "moving_average",
    "window": 3
  },
  "threshold": 0.25,
  "classes": [
    "cel",
    "cla",
    "flu",
    "gac",
    "gel",
    "org",
    "pia",
    "sax",
    "tru",
    "vio",
    "voi"
  ],
  "timeline": [
    {
      "time_sec": 0.0,
      "intensity": {
        "cel": 0.0078260013833642,
        "cla": 0.033014293760061264,
        "flu": 0.0008286494412459433,
        "gac": 0.00988580659031868,
        "gel": 0.05464155226945877,
        "org": 0.01147781778126955,
        "pia": 0.008947132155299187,
        "sax": 0.2550245225429535,
        "tru": 0.027515757828950882,
        "vio": 0.014967790804803371,
        "voi": 0.1974210888147354
      }
    },
    {
      "time_sec": 1.5,
      "intensity": {
        "cel": 0.010022077709436417,
        "cla": 0.03780525177717209,
        "flu": 0.002584615256637335,
        "gac": 0.013342995196580887,
        "gel": 0.18215519189834595,
        "org": 0.05133283883333206,
        "pia": 0.14799551665782928,
        "sax": 0.2787112891674042,
        "tru": 0.03126060590147972,
        "vio": 0.01843634434044361,
        "voi": 0.2490120381116867
      }
    },
    {
      "time_sec": 3.0,
      "intensity": {
        "cel": 0.00517273461446166,
        "cla": 0.017618361860513687,
        "flu": 0.0023273935075849295,
        "gac": 0.005576640367507935,
        "gel": 0.1682518869638443,
        "org": 0.04779431223869324,
        "pia": 0.14734989404678345,
        "sax": 0.09570044279098511,
        "tru": 0.015991490334272385,
        "vio": 0.012874568812549114,
        "voi": 0.21571767330169678
      }
    }
  ]
}