{
  "audio_file": "01 Don't Get Around Much Anymore-9.wav",
  "segment_duration_sec": 3.0,
  "hop_duration_sec": 1.5,
  "aggregation": "average",
  "smoothing": {
    "method": "moving_average",
    "window": 3
  },
  "threshold": 0.25,
  "classes": [
    "cel",
    "cla",
    "flu",
    "gac",
    "gel",
    "org",
    "pia",
    "sax",
    "tru",
    "vio",
    "voi"
  ],
  "timeline": [
    {
      "time_sec": 0.0,
      "intensity": {
        "cel": 0.015776822343468666,
        "cla": 0.15583321452140808,
        "flu": 0.012502108700573444,
        "gac": 0.011319732293486595,
        "gel": 0.006607395131140947,
        "org": 0.009306157007813454,
        "pia": 0.002866822760552168,
        "sax": 0.1678050309419632,
        "tru": 0.04493848979473114,
        "vio": 0.025716369971632957,
        "voi": 0.12376571446657181
      }
    },
    {
      "time_sec": 1.5,
      "intensity": {
        "cel": 0.017270095646381378,
        "cla": 0.15627248585224152,
        "flu": 0.01560358889400959,
        "gac": 0.01239342987537384,
        "gel": 0.036374740302562714,
        "org": 0.00955265760421753,
        "pia": 0.0030641830526292324,
        "sax": 0.18374906480312347,
        "tru": 0.07596171647310257,
        "vio": 0.08545080572366714,
        "voi": 0.2266714721918106
      }
    },
    {
      "time_sec": 3.0,
      "intensity": {
        "cel": 0.021959098055958748,
        "cla": 0.020086009055376053,
        "flu": 0.010325759649276733,
        "gac": 0.004337985534220934,
        "gel": 0.03753770515322685,
        "org": 0.004149699117988348,
        "pia": 0.0013928894186392426,
        "sax": 0.11269424110651016,
        "tru": 0.10673308372497559,
        "vio": 0.12644580006599426,
        "voi": 0.21595224738121033
      }
    },
    {
      "time_sec": 4.5,
      "intensity": {
        "cel": 0.011580703780055046,
        "cla": 0.004816289991140366,
        "flu": 0.0041181291453540325,
        "gac": 0.001844226149842143,
        "gel": 0.032712116837501526,
        "org": 0.0009012449881993234,
        "pia": 0.0005143400048837066,
        "sax": 0.04546182230114937,
        "tru": 0.07197721302509308,
        "vio": 0.10423289984464645,
        "voi": 0.13756762444972992
      }
    }
  ]
}