{
  "audio_file": "01 Don't Get Around Much Anymore-6.wav",
  "segment_duration_sec": 3.0,
  "hop_duration_sec": 1.5,
  "aggregation": "average",
  "smoothing": {
    "method": "moving_average",
    "window": 3
  },
  "threshold": 0.25,
  "classes": [
    "cel",
    "cla",
    "flu",
    "gac",
    "gel",
    "org",
    "pia",
    "sax",
    "tru",
    "vio",
    "voi"
  ],
  "timeline": [
    {
      "time_sec": 0.0,
      "intensity": {
        "cel": 0.0090038375928998,
        "cla": 0.022599227726459503,
        "flu": 0.002661061007529497,
        "gac": 0.004989892244338989,
        "gel": 0.017259301617741585,
        "org": 0.0995621383190155,
        "pia": 0.00047219175030477345,
        "sax": 0.04136311262845993,
        "tru": 0.3072187006473541,
        "vio": 0.018996944651007652,
        "voi": 0.034080177545547485
      }
    },
    {
      "time_sec": 1.5,
      "intensity": {
        "cel": 0.010219380259513855,
        "cla": 0.03148254007101059,
        "flu": 0.0063950493931770325,
        "gac": 0.02286815457046032,
        "gel": 0.022038616240024567,
        "org": 0.111750029027462,
        "pia": 0.012561165727674961,
        "sax": 0.053631264716386795,
        "tru": 0.33010441064834595,
        "vio": 0.02659171260893345,
        "voi": 0.04957617446780205
      }
    },
    {
      "time_sec": 3.0,
      "intensity": {
        "cel": 0.008458618074655533,
        "cla": 0.032896123826503754,
        "flu": 0.014131637290120125,
        "gac": 0.029028726741671562,
        "gel": 0.013206570409238338,
        "org": 0.0678359791636467,
        "pia": 0.01833205670118332,
        "sax": 0.0668141320347786,
        "tru": 0.15574230253696442,
        "vio": 0.02551557496190071,
        "voi": 0.05387165769934654
      }
    },
    {
      "time_sec": 4.5,
      "intensity": {
        "cel": 0.005195357371121645,
        "cla": 0.019024567678570747,
        "flu": 0.012248968705534935,
        "gac": 0.02466004155576229,
        "gel": 0.009605477564036846,
        "org": 0.03315644711256027,
        "pia": 0.018018174916505814,
        "sax": 0.03930297866463661,
        "tru": 0.05826302990317345,
        "vio": 0.013361522927880287,
        "voi": 0.029600927606225014
      }
    }
  ]
}