{
  "audio_file": "01 El Patufet-6.wav",
  "segment_duration_sec": 3.0,
  "hop_duration_sec": 1.5,
  "aggregation": "average",
  "smoothing": {
    "method": "moving_average",
    "window": 3
  },
  "threshold": 0.25,
  "classes": [
    "cel",
    "cla",
    "flu",
    "gac",
    "gel",
    "org",
    "pia",
    "sax",
    "tru",
    "vio",
    "voi"
  ],
  "timeline": [
    {
      "time_sec": 0.0,
      "intensity": {
        "cel": 0.0028746214229613543,
        "cla": 0.029312070459127426,
        "flu": 0.01052192784845829,
        "gac": 0.003510556649416685,
        "gel": 0.0009153749560937285,
        "org": 0.0018856169190257788,
        "pia": 0.0007343289908021688,
        "sax": 0.034269291907548904,
        "tru": 0.015888750553131104,
        "vio": 0.10281876474618912,
        "voi": 0.5463469624519348
      }
    },
    {
      "time_sec": 1.5,
      "intensity": {
        "cel": 0.004204905591905117,
        "cla": 0.03171632066369057,
        "flu": 0.011972833424806595,
        "gac": 0.0046954466961324215,
        "gel": 0.0013419596944004297,
        "org": 0.002845015609636903,
        "pia": 0.0009428299963474274,
        "sax": 0.04268956929445267,
        "tru": 0.02307874709367752,
        "vio": 0.15163356065750122,
        "voi": 0.8668575286865234
      }
    },
    {
      "time_sec": 3.0,
      "intensity": {
        "cel": 0.004681041929870844,
        "cla": 0.01572929322719574,
        "flu": 0.014213960617780685,
        "gac": 0.0038216598331928253,
        "gel": 0.001593959634192288,
        "org": 0.0023895876947790384,
        "pia": 0.000441503623733297,
        "sax": 0.03883412480354309,
        "tru": 0.03813612833619118,
        "vio": 0.1643841564655304,
        "voi": 0.9266095757484436
      }
    },
    {
      "time_sec": 4.5,
      "intensity": {
        "cel": 0.0031794935930520296,
        "cla": 0.012060333043336868,
        "flu": 0.011141087859869003,
        "gac": 0.0028891877736896276,
        "gel": 0.0009444111492484808,
        "org": 0.0018818640382960439,
        "pia": 0.00032014973112381995,
        "sax": 0.02500561624765396,
        "tru": 0.029551563784480095,
        "vio": 0.08548539131879807,
        "voi": 0.6171759963035583
      }
    }
  ]
}