{
  "audio_file": "01 El Patufet-3.wav",
  "segment_duration_sec": 3.0,
  "hop_duration_sec": 1.5,
  "aggregation": "average",
  "smoothing": {
    "method": "moving_average",
    "window": 3
  },
  "threshold": 0.25,
  "classes": [
    "cel",
    "cla",
    "flu",
    "gac",
    "gel",
    "org",
    "pia",
    "sax",
    "tru",
    "vio",
    "voi"
  ],
  "timeline": [
    {
      "time_sec": 0.0,
      "intensity": {
        "cel": 0.002039712155237794,
        "cla": 0.1458492875099182,
        "flu": 0.10955676436424255,
        "gac": 0.003769492730498314,
        "gel": 0.004958828445523977,
        "org": 0.029340719804167747,
        "pia": 0.09534680098295212,
        "sax": 0.03548512980341911,
        "tru": 0.007514288183301687,
        "vio": 0.07458553463220596,
        "voi": 0.000626016641035676
      }
    },
    {
      "time_sec": 1.5,
      "intensity": {
        "cel": 0.0027344077825546265,
        "cla": 0.2730526924133301,
        "flu": 0.21003013849258423,
        "gac": 0.006046885158866644,
        "gel": 0.006025862880051136,
        "org": 0.0345689132809639,
        "pia": 0.1044403538107872,
        "sax": 0.06276889890432358,
        "tru": 0.015512870624661446,
        "vio": 0.10781917721033096,
        "voi": 0.0011831240262836218
      }
    },
    {
      "time_sec": 3.0,
      "intensity": {
        "cel": 0.0024682465009391308,
        "cla": 0.32202792167663574,
        "flu": 0.23305925726890564,
        "gac": 0.006367964670062065,
        "gel": 0.005046756938099861,
        "org": 0.018426761031150818,
        "pia": 0.10411817580461502,
        "sax": 0.07616014778614044,
        "tru": 0.01924404688179493,
        "vio": 0.0986407920718193,
        "voi": 0.0018522426253184676
      }
    },
    {
      "time_sec": 4.5,
      "intensity": {
        "cel": 0.0013896824093535542,
        "cla": 0.2388986498117447,
        "flu": 0.19452998042106628,
        "gac": 0.00440831808373332,
        "gel": 0.0022500953637063503,
        "org": 0.010504764504730701,
        "pia": 0.03922208026051521,
        "sax": 0.053134266287088394,
        "tru": 0.015736490488052368,
        "vio": 0.07509734481573105,
        "voi": 0.0015983665362000465
      }
    }
  ]
}