{
  "audio_file": "01 El Patufet-5.wav",
  "segment_duration_sec": 3.0,
  "hop_duration_sec": 1.5,
  "aggregation": "average",
  "smoothing": {
    "method": "moving_average",
    "window": 3
  },
  "threshold": 0.25,
  "classes": [
    "cel",
    "cla",
    "flu",
    "gac",
    "gel",
    "org",
    "pia",
    "sax",
    "tru",
    "vio",
    "voi"
  ],
  "timeline": [
    {
      "time_sec": 0.0,
      "intensity": {
        "cel": 0.014846175909042358,
        "cla": 0.06453828513622284,
        "flu": 0.058508504182100296,
        "gac": 0.028174223378300667,
        "gel": 0.007379356771707535,
        "org": 0.013380189426243305,
        "pia": 0.0029851249419152737,
        "sax": 0.03801018372178078,
        "tru": 0.029267892241477966,
        "vio": 0.10537426918745041,
        "voi": 0.08646684885025024
      }
    },
    {
      "time_sec": 1.5,
      "intensity": {
        "cel": 0.0292908176779747,
        "cla": 0.11730548739433289,
        "flu": 0.08426894247531891,
        "gac": 0.06183941662311554,
        "gel": 0.01049227174371481,
        "org": 0.016331538558006287,
        "pia": 0.004072435200214386,
        "sax": 0.06250889599323273,
        "tru": 0.048844993114471436,
        "vio": 0.1418505609035492,
        "voi": 0.10584419220685959
      }
    },
    {
      "time_sec": 3.0,
      "intensity": {
        "cel": 0.02150377631187439,
        "cla": 0.07682660222053528,
        "flu": 0.060709353536367416,
        "gac": 0.056855209171772,
        "gel": 0.01237357035279274,
        "org": 0.007460115011781454,
        "pia": 0.004912386182695627,
        "sax": 0.05687997117638588,
        "tru": 0.04194599762558937,
        "vio": 0.21160507202148438,
        "voi": 0.20032049715518951
      }
    },
    {
      "time_sec": 4.5,
      "intensity": {
        "cel": 0.01644827052950859,
        "cla": 0.06548182666301727,
        "flu": 0.05492537096142769,
        "gac": 0.0388900451362133,
        "gel": 0.007658017333596945,
        "org": 0.004633625503629446,
        "pia": 0.0027483156882226467,
        "sax": 0.03833154961466789,
        "tru": 0.03335060924291611,
        "vio": 0.1377488672733307,
        "voi": 0.13648831844329834
      }
    }
  ]
}