{
  "audio_file": "01 Organ Grinder's Swing-7.wav",
  "segment_duration_sec": 3.0,
  "hop_duration_sec": 1.5,
  "aggregation": "average",
  "smoothing": {
    "method": "moving_average",
    "window": 3
  },
  "threshold": 0.25,
  "classes": [
    "cel",
    "cla",
    "flu",
    "gac",
    "gel",
    "org",
    "pia",
    "sax",
    "tru",
    "vio",
    "voi"
  ],
  "timeline": [
    {
      "time_sec": 0.0,
      "intensity": {
        "cel": 0.020840751007199287,
        "cla": 0.007379333488643169,
        "flu": 0.0486144945025444,
        "gac": 0.024522295221686363,
        "gel": 0.019120369106531143,
        "org": 0.13230480253696442,
        "pia": 0.02120148576796055,
        "sax": 0.023724831640720367,
        "tru": 0.013997834175825119,
        "vio": 0.0048415325582027435,
        "voi": 0.8158001899719238
      }
    },
    {
      "time_sec": 1.5,
      "intensity": {
        "cel": 0.00235150963999331,
        "cla": 0.0015284840483218431,
        "flu": 0.011909944005310535,
        "gac": 0.0196546521037817,
        "gel": 0.005508314818143845,
        "org": 0.0057782637886703014,
        "pia": 0.0008630414376966655,
        "sax": 0.006963399238884449,
        "tru": 0.0019526808755472302,
        "vio": 0.01172676496207714,
        "voi": 0.9987044334411621
      }
    }
  ]
}