{
  "audio_file": "01 the other side of the crash_over-5.wav",
  "segment_duration_sec": 3.0,
  "hop_duration_sec": 1.5,
  "aggregation": "average",
  "smoothing": {
    "method": "moving_average",
    "window": 3
  },
  "threshold": 0.25,
  "classes": [
    "cel",
    "cla",
    "flu",
    "gac",
    "gel",
    "org",
    "pia",
    "sax",
    "tru",
    "vio",
    "voi"
  ],
  "timeline": [
    {
      "time_sec": 0.0,
      "intensity": {
        "cel": 0.005991226527839899,
        "cla": 0.0010674193035811186,
        "flu": 0.0013879424659535289,
        "gac": 0.000519087421707809,
        "gel": 0.3994654715061188,
        "org": 0.0026928840670734644,
        "pia": 0.0052785929292440414,
        "sax": 0.01401077676564455,
        "tru": 0.009972251020371914,
        "vio": 0.026660528033971786,
        "voi": 0.4734513461589813
      }
    },
    {
      "time_sec": 1.5,
      "intensity": {
        "cel": 0.0065818228758871555,
        "cla": 0.0015393035719171166,
        "flu": 0.00159629643894732,
        "gac": 0.0006219802307896316,
        "gel": 0.5214976668357849,
        "org": 0.006185511592775583,
        "pia": 0.007573592010885477,
        "sax": 0.01844758726656437,
        "tru": 0.0156266950070858,
        "vio": 0.04687923938035965,
        "voi": 0.7944363951683044
      }
    },
    {
      "time_sec": 3.0,
      "intensity": {
        "cel": 0.004762269090861082,
        "cla": 0.0008952850475907326,
        "flu": 0.0013689629267901182,
        "gac": 0.0004227118333801627,
        "gel": 0.331797331571579,
        "org": 0.005855907220393419,
        "pia": 0.006005339324474335,
        "sax": 0.010102861560881138,
        "tru": 0.010833860374987125,
        "vio": 0.039649512618780136,
        "voi": 0.5418920516967773
      }
    }
  ]
}