{
  "audio_file": "01 the other side of the crash_over-6.wav",
  "segment_duration_sec": 3.0,
  "hop_duration_sec": 1.5,
  "aggregation": "average",
  "smoothing": {
    "method": "moving_average",
    "window": 3
  },
  "threshold": 0.25,
  "classes": [
    "cel",
    "cla",
    "flu",
    "gac",
    "gel",
    "org",
    "pia",
    "sax",
    "tru",
    "vio",
    "voi"
  ],
  "timeline": [
    {
      "time_sec": 0.0,
      "intensity": {
        "cel": 0.015554627403616905,
        "cla": 0.0015231010038405657,
        "flu": 0.01098894327878952,
        "gac": 0.002328915288671851,
        "gel": 0.8831743597984314,
        "org": 0.016645126044750214,
        "pia": 0.12070713937282562,
        "sax": 0.023976482450962067,
        "tru": 0.02731441892683506,
        "vio": 0.2007881999015808,
        "voi": 0.0827864333987236
      }
    },
    {
      "time_sec": 1.5,
      "intensity": {
        "cel": 0.028411071747541428,
        "cla": 0.0009882712038233876,
        "flu": 0.009470818564295769,
        "gac": 0.0015921822050586343,
        "gel": 0.8953570127487183,
        "org": 0.02793155238032341,
        "pia": 0.040399905294179916,
        "sax": 0.018917161971330643,
        "tru": 0.008828578516840935,
        "vio": 0.21033595502376556,
        "voi": 0.0941389948129654
      }
    }
  ]
}