{
  "audio_file": "01 the other side of the crash_over-17.wav",
  "segment_duration_sec": 3.0,
  "hop_duration_sec": 1.5,
  "aggregation": "average",
  "smoothing": {
    "method": "moving_average",
    "window": 3
  },
  "threshold": 0.25,
  "classes": [
    "cel",
    "cla",
    "flu",
    "gac",
    "gel",
    "org",
    "pia",
    "sax",
    "tru",
    "vio",
    "voi"
  ],
  "timeline": [
    {
      "time_sec": 0.0,
      "intensity": {
        "cel": 0.010873566381633282,
        "cla": 0.008020514622330666,
        "flu": 0.13846808671951294,
        "gac": 0.005615320522338152,
        "gel": 0.00661288620904088,
        "org": 0.11585462838411331,
        "pia": 0.026484716683626175,
        "sax": 0.00670927157625556,
        "tru": 0.01514847669750452,
        "vio": 0.060270316898822784,
        "voi": 0.001976316561922431
      }
    },
    {
      "time_sec": 1.5,
      "intensity": {
        "cel": 0.020557422190904617,
        "cla": 0.020509321242570877,
        "flu": 0.1979442536830902,
        "gac": 0.012875364162027836,
        "gel": 0.009135473519563675,
        "org": 0.1363772302865982,
        "pia": 0.0303641427308321,
        "sax": 0.013304726220667362,
        "tru": 0.027308495715260506,
        "vio": 0.09467446804046631,
        "voi": 0.002591488417237997
      }
    },
    {
      "time_sec": 3.0,
      "intensity": {
        "cel": 0.01675809733569622,
        "cla": 0.015439667738974094,
        "flu": 0.16512033343315125,
        "gac": 0.009922233410179615,
        "gel": 0.005495235789567232,
        "org": 0.0828569307923317,
        "pia": 0.013935432769358158,
        "sax": 0.009538440965116024,
        "tru": 0.019139664247632027,
        "vio": 0.08084943145513535,
        "voi": 0.002005239948630333
      }
    }
  ]
}