{
  "audio_file": "01 Volunteered Slavery-8.wav",
  "segment_duration_sec": 3.0,
  "hop_duration_sec": 1.5,
  "aggregation": "average",
  "smoothing": {
    "method": "moving_average",
    "window": 3
  },
  "threshold": 0.25,
  "classes": [
    "cel",
    "cla",
    "flu",
    "gac",
    "gel",
    "org",
    "pia",
    "sax",
    "tru",
    "vio",
    "voi"
  ],
  "timeline": [
    {
      "time_sec": 0.0,
      "intensity": {
        "cel": 0.03215208649635315,
        "cla": 0.02311202511191368,
        "flu": 0.009278770536184311,
        "gac": 0.021287446841597557,
        "gel": 0.022189991548657417,
        "org": 0.006002077832818031,
        "pia": 0.00386335258372128,
        "sax": 0.2877606749534607,
        "tru": 0.09471218287944794,
        "vio": 0.01988082192838192,
        "voi": 0.015545117668807507
      }
    },
    {
      "time_sec": 1.5,
      "intensity": {
        "cel": 0.05394531786441803,
        "cla": 0.02906535379588604,
        "flu": 0.010669908486306667,
        "gac": 0.027637731283903122,
        "gel": 0.08170991390943527,
        "org": 0.007071175612509251,
        "pia": 0.0063942610286176205,
        "sax": 0.3807385265827179,
        "tru": 0.11501806229352951,
        "vio": 0.04645588621497154,
        "voi": 0.016826001927256584
      }
    },
    {
      "time_sec": 3.0,
      "intensity": {
        "cel": 0.040909264236688614,
        "cla": 0.019765453413128853,
        "flu": 0.010386346839368343,
        "gac": 0.023285595700144768,
        "gel": 0.06796347349882126,
        "org": 0.006453401409089565,
        "pia": 0.004660356789827347,
        "sax": 0.12390504777431488,
        "tru": 0.03195362910628319,
        "vio": 0.044154539704322815,
        "voi": 0.012072152458131313
      }
    }
  ]
}