{
  "audio_file": "01) Bert Jansch - Avocet-26.wav",
  "segment_duration_sec": 3.0,
  "hop_duration_sec": 1.5,
  "aggregation": "average",
  "smoothing": {
    "method": "moving_average",
    "window": 3
  },
  "threshold": 0.25,
  "classes": [
    "cel",
    "cla",
    "flu",
    "gac",
    "gel",
    "org",
    "pia",
    "sax",
    "tru",
    "vio",
    "voi"
  ],
  "timeline": [
    {
      "time_sec": 0.0,
      "intensity": {
        "cel": 0.037031810730695724,
        "cla": 0.007381970528513193,
        "flu": 0.0039009961765259504,
        "gac": 0.5999314785003662,
        "gel": 0.014652456156909466,
        "org": 0.0023543082643300295,
        "pia": 0.004926261026412249,
        "sax": 0.01544389221817255,
        "tru": 0.016349632292985916,
        "vio": 0.0078715980052948,
        "voi": 0.006749358493834734
      }
    },
    {
      "time_sec": 1.5,
      "intensity": {
        "cel": 0.06507519632577896,
        "cla": 0.012249069288372993,
        "flu": 0.04356226325035095,
        "gac": 0.9233291149139404,
        "gel": 0.021281937137246132,
        "org": 0.0029350905679166317,
        "pia": 0.006179965566843748,
        "sax": 0.017764881253242493,
        "tru": 0.01726430281996727,
        "vio": 0.0285656601190567,
        "voi": 0.012212967500090599
      }
    },
    {
      "time_sec": 3.0,
      "intensity": {
        "cel": 0.04102354496717453,
        "cla": 0.007800471503287554,
        "flu": 0.04135921224951744,
        "gac": 0.6229575872421265,
        "gel": 0.012401193380355835,
        "org": 0.0024096991401165724,
        "pia": 0.003385932184755802,
        "sax": 0.011217272840440273,
        "tru": 0.01250286865979433,
        "vio": 0.023537419736385345,
        "voi": 0.010084884241223335
      }
    }
  ]
}