{
  "audio_file": "01) Bert Jansch - Avocet-35.wav",
  "segment_duration_sec": 3.0,
  "hop_duration_sec": 1.5,
  "aggregation": "average",
  "smoothing": {
    "method": "moving_average",
    "window": 3
  },
  "threshold": 0.25,
  "classes": [
    "cel",
    "cla",
    "flu",
    "gac",
    "gel",
    "org",
    "pia",
    "sax",
    "tru",
    "vio",
    "voi"
  ],
  "timeline": [
    {
      "time_sec": 0.0,
      "intensity": {
        "cel": 0.09216494858264923,
        "cla": 0.002191365696489811,
        "flu": 0.037767842411994934,
        "gac": 0.9113537073135376,
        "gel": 0.04985487833619118,
        "org": 0.0043859537690877914,
        "pia": 0.03147216513752937,
        "sax": 0.0034210518933832645,
        "tru": 0.0030902486760169268,
        "vio": 0.02232787013053894,
        "voi": 0.00948875118046999
      }
    },
    {
      "time_sec": 1.5,
      "intensity": {
        "cel": 0.03054456226527691,
        "cla": 0.005942979361861944,
        "flu": 0.01160398405045271,
        "gac": 0.9247580766677856,
        "gel": 0.03419897332787514,
        "org": 0.007671615108847618,
        "pia": 0.04128119722008705,
        "sax": 0.012013930827379227,
        "tru": 0.003641056828200817,
        "vio": 0.01815144531428814,
        "voi": 0.012412697076797485
      }
    }
  ]
}