{
  "audio_file": "01-pet_shop_boys-minimal_(radio_edit)-gti-12.wav",
  "segment_duration_sec": 3.0,
  "hop_duration_sec": 1.5,
  "aggregation": "average",
  "smoothing": {
    "method": "moving_average",
    "window": 3
  },
  "threshold": 0.25,
  "classes": [
    "cel",
    "cla",
    "flu",
    "gac",
    "gel",
    "org",
    "pia",
    "sax",
    "tru",
    "vio",
    "voi"
  ],
  "timeline": [
    {
      "time_sec": 0.0,
      "intensity": {
        "cel": 0.07416007667779922,
        "cla": 0.015663880854845047,
        "flu": 0.11854731291532516,
        "gac": 0.037302836775779724,
        "gel": 0.1785610318183899,
        "org": 0.03613243252038956,
        "pia": 0.044098254293203354,
        "sax": 0.00826428085565567,
        "tru": 0.01326317060738802,
        "vio": 0.03566206246614456,
        "voi": 0.012412290088832378
      }
    },
    {
      "time_sec": 1.5,
      "intensity": {
        "cel": 0.0917762890458107,
        "cla": 0.023062322288751602,
        "flu": 0.12355371564626694,
        "gac": 0.04350633919239044,
        "gel": 0.3370930552482605,
        "org": 0.05237266421318054,
        "pia": 0.07245863229036331,
        "sax": 0.019518055021762848,
        "tru": 0.021772047504782677,
        "vio": 0.0501193068921566,
        "voi": 0.015508283860981464
      }
    },
    {
      "time_sec": 3.0,
      "intensity": {
        "cel": 0.03596062958240509,
        "cla": 0.01138888020068407,
        "flu": 0.03921817988157272,
        "gac": 0.023473365232348442,
        "gel": 0.27323418855667114,
        "org": 0.030451128259301186,
        "pia": 0.0620335191488266,
        "sax": 0.015680480748414993,
        "tru": 0.017597315832972527,
        "vio": 0.0225039292126894,
        "voi": 0.006904529873281717
      }
    }
  ]
}