{
  "audio_file": "01. Another World-18.wav",
  "segment_duration_sec": 3.0,
  "hop_duration_sec": 1.5,
  "aggregation": "average",
  "smoothing": {
    "method": "moving_average",
    "window": 3
  },
  "threshold": 0.25,
  "classes": [
    "cel",
    "cla",
    "flu",
    "gac",
    "gel",
    "org",
    "pia",
    "sax",
    "tru",
    "vio",
    "voi"
  ],
  "timeline": [
    {
      "time_sec": 0.0,
      "intensity": {
        "cel": 0.005629357881844044,
        "cla": 0.004287876188755035,
        "flu": 0.30699422955513,
        "gac": 0.0033745456021279097,
        "gel": 0.0031034841667860746,
        "org": 0.38311368227005005,
        "pia": 0.0020349810365587473,
        "sax": 0.001500980812124908,
        "tru": 0.0008407995919696987,
        "vio": 0.04061421751976013,
        "voi": 0.07832074165344238
      }
    },
    {
      "time_sec": 1.5,
      "intensity": {
        "cel": 0.006540045607835054,
        "cla": 0.005866838153451681,
        "flu": 0.32767942547798157,
        "gac": 0.0052683111280202866,
        "gel": 0.008162759244441986,
        "org": 0.4314362406730652,
        "pia": 0.0028837418649345636,
        "sax": 0.002487771911546588,
        "tru": 0.001268143067136407,
        "vio": 0.0669950321316719,
        "voi": 0.24980850517749786
      }
    },
    {
      "time_sec": 3.0,
      "intensity": {
        "cel": 0.004223621916025877,
        "cla": 0.0029850590508431196,
        "flu": 0.13984772562980652,
        "gac": 0.004067176952958107,
        "gel": 0.007349865976721048,
        "org": 0.2779458463191986,
        "pia": 0.0019166393904015422,
        "sax": 0.001623549498617649,
        "tru": 0.0007490434218198061,
        "vio": 0.051624711602926254,
        "voi": 0.20146633684635162
      }
    }
  ]
}