{
  "audio_file": "01. Another World-4.wav",
  "segment_duration_sec": 3.0,
  "hop_duration_sec": 1.5,
  "aggregation": "average",
  "smoothing": {
    "method": "moving_average",
    "window": 3
  },
  "threshold": 0.25,
  "classes": [
    "cel",
    "cla",
    "flu",
    "gac",
    "gel",
    "org",
    "pia",
    "sax",
    "tru",
    "vio",
    "voi"
  ],
  "timeline": [
    {
      "time_sec": 0.0,
      "intensity": {
        "cel": 0.004993955139070749,
        "cla": 0.015050027519464493,
        "flu": 0.0039904359728097916,
        "gac": 0.04489157348871231,
        "gel": 0.012388034723699093,
        "org": 0.22093386948108673,
        "pia": 0.02193398028612137,
        "sax": 0.006100657396018505,
        "tru": 0.004293396603316069,
        "vio": 0.004275178071111441,
        "voi": 0.03161333501338959
      }
    },
    {
      "time_sec": 1.5,
      "intensity": {
        "cel": 0.006469891406595707,
        "cla": 0.02016829140484333,
        "flu": 0.0044473144225776196,
        "gac": 0.07246802747249603,
        "gel": 0.03566916286945343,
        "org": 0.2994537651538849,
        "pia": 0.03528052568435669,
        "sax": 0.010324453935027122,
        "tru": 0.011644760146737099,
        "vio": 0.0077227032743394375,
        "voi": 0.03877461701631546
      }
    },
    {
      "time_sec": 3.0,
      "intensity": {
        "cel": 0.0062392838299274445,
        "cla": 0.020499642938375473,
        "flu": 0.0039636194705963135,
        "gac": 0.06666172295808792,
        "gel": 0.03756121173501015,
        "org": 0.2865540385246277,
        "pia": 0.029111143201589584,
        "sax": 0.011176640167832375,
        "tru": 0.013682465068995953,
        "vio": 0.010081442072987556,
        "voi": 0.050342217087745667
      }
    },
    {
      "time_sec": 4.5,
      "intensity": {
        "cel": 0.0017359456978738308,
        "cla": 0.009613956324756145,
        "flu": 0.000983145204372704,
        "gac": 0.03921177610754967,
        "gel": 0.03226181119680405,
        "org": 0.16404461860656738,
        "pia": 0.02208058163523674,
        "sax": 0.0073071434162557125,
        "tru": 0.011066614650189877,
        "vio": 0.00778277637436986,
        "voi": 0.03662130981683731
      }
    }
  ]
}