{
  "audio_file": "01. Another World-7.wav",
  "segment_duration_sec": 3.0,
  "hop_duration_sec": 1.5,
  "aggregation": "average",
  "smoothing": {
    "method": "moving_average",
    "window": 3
  },
  "threshold": 0.25,
  "classes": [
    "cel",
    "cla",
    "flu",
    "gac",
    "gel",
    "org",
    "pia",
    "sax",
    "tru",
    "vio",
    "voi"
  ],
  "timeline": [
    {
      "time_sec": 0.0,
      "intensity": {
        "cel": 0.004397925455123186,
        "cla": 0.010791750624775887,
        "flu": 0.13813769817352295,
        "gac": 0.0034601616207510233,
        "gel": 0.008157727308571339,
        "org": 0.20974361896514893,
        "pia": 0.006596830207854509,
        "sax": 0.00923574436455965,
        "tru": 0.005634825211018324,
        "vio": 0.01480103563517332,
        "voi": 0.02595490962266922
      }
    },
    {
      "time_sec": 1.5,
      "intensity": {
        "cel": 0.005818350240588188,
        "cla": 0.014461668208241463,
        "flu": 0.14858831465244293,
        "gac": 0.003938700072467327,
        "gel": 0.016323205083608627,
        "org": 0.2840677499771118,
        "pia": 0.007787158712744713,
        "sax": 0.011042315512895584,
        "tru": 0.0133507763966918,
        "vio": 0.020754771307110786,
        "voi": 0.09897807240486145
      }
    },
    {
      "time_sec": 3.0,
      "intensity": {
        "cel": 0.0027599448803812265,
        "cla": 0.009534153155982494,
        "flu": 0.04793776199221611,
        "gac": 0.0009157370077446103,
        "gel": 0.012295233085751534,
        "org": 0.21377289295196533,
        "pia": 0.0035947917494922876,
        "sax": 0.006742948666214943,
        "tru": 0.01244714017957449,
        "vio": 0.008168990723788738,
        "voi": 0.0924062505364418
      }
    }
  ]
}