{
  "audio_file": "01. Caravan-11.wav",
  "segment_duration_sec": 3.0,
  "hop_duration_sec": 1.5,
  "aggregation": "average",
  "smoothing": {
    "method": "moving_average",
    "window": 3
  },
  "threshold": 0.25,
  "classes": [
    "cel",
    "cla",
    "flu",
    "gac",
    "gel",
    "org",
    "pia",
    "sax",
    "tru",
    "vio",
    "voi"
  ],
  "timeline": [
    {
      "time_sec": 0.0,
      "intensity": {
        "cel": 0.0006980075850151479,
        "cla": 0.0075352732092142105,
        "flu": 0.00013724772725254297,
        "gac": 0.0012316697975620627,
        "gel": 0.20230568945407867,
        "org": 0.032571520656347275,
        "pia": 0.10214406251907349,
        "sax": 0.21123141050338745,
        "tru": 0.3172403872013092,
        "vio": 0.04057866334915161,
        "voi": 0.015340489335358143
      }
    },
    {
      "time_sec": 1.5,
      "intensity": {
        "cel": 0.001661475282162428,
        "cla": 0.011663638055324554,
        "flu": 0.00032082467805594206,
        "gac": 0.0045303767547011375,
        "gel": 0.2865282893180847,
        "org": 0.04990983381867409,
        "pia": 0.29240742325782776,
        "sax": 0.24821119010448456,
        "tru": 0.38350337743759155,
        "vio": 0.06604897230863571,
        "voi": 0.01857648976147175
      }
    },
    {
      "time_sec": 3.0,
      "intensity": {
        "cel": 0.0012770571047440171,
        "cla": 0.00939421821385622,
        "flu": 0.00026628756313584745,
        "gac": 0.004224130418151617,
        "gel": 0.1686086803674698,
        "org": 0.03352271765470505,
        "pia": 0.26583003997802734,
        "sax": 0.14884734153747559,
        "tru": 0.2249726802110672,
        "vio": 0.040055058896541595,
        "voi": 0.0077423639595508575
      }
    }
  ]
}