{
  "audio_file": "01. Flight Time-25.wav",
  "segment_duration_sec": 3.0,
  "hop_duration_sec": 1.5,
  "aggregation": "average",
  "smoothing": {
    "method": "moving_average",
    "window": 3
  },
  "threshold": 0.25,
  "classes": [
    "cel",
    "cla",
    "flu",
    "gac",
    "gel",
    "org",
    "pia",
    "sax",
    "tru",
    "vio",
    "voi"
  ],
  "timeline": [
    {
      "time_sec": 0.0,
      "intensity": {
        "cel": 0.008445282466709614,
        "cla": 0.323812872171402,
        "flu": 0.012547405436635017,
        "gac": 0.009388834238052368,
        "gel": 0.051378265023231506,
        "org": 0.08009131252765656,
        "pia": 0.003856519004330039,
        "sax": 0.05840387940406799,
        "tru": 0.074021115899086,
        "vio": 0.02655167318880558,
        "voi": 0.0021254648454487324
      }
    },
    {
      "time_sec": 1.5,
      "intensity": {
        "cel": 0.016911866143345833,
        "cla": 0.3951992690563202,
        "flu": 0.01799333654344082,
        "gac": 0.03697424754500389,
        "gel": 0.06376086175441742,
        "org": 0.0916358232498169,
        "pia": 0.013524668291211128,
        "sax": 0.08730965852737427,
        "tru": 0.08726698905229568,
        "vio": 0.030528467148542404,
        "voi": 0.004403762519359589
      }
    },
    {
      "time_sec": 3.0,
      "intensity": {
        "cel": 0.02259763516485691,
        "cla": 0.2297222912311554,
        "flu": 0.021819304674863815,
        "gac": 0.08967844396829605,
        "gel": 0.07312501221895218,
        "org": 0.11345481127500534,
        "pia": 0.01601484604179859,
        "sax": 0.07601778209209442,
        "tru": 0.0284965131431818,
        "vio": 0.07347084581851959,
        "voi": 0.005545343738049269
      }
    },
    {
      "time_sec": 4.5,
      "intensity": {
        "cel": 0.018550297245383263,
        "cla": 0.10724993050098419,
        "flu": 0.011726745404303074,
        "gac": 0.08204378187656403,
        "gel": 0.02421683818101883,
        "org": 0.04295657202601433,
        "pia": 0.01435923296958208,
        "sax": 0.0643835961818695,
        "tru": 0.018280677497386932,
        "vio": 0.05595969781279564,
        "voi": 0.004092584829777479
      }
    }
  ]
}