{
  "audio_file": "01. sensing-5.wav",
  "segment_duration_sec": 3.0,
  "hop_duration_sec": 1.5,
  "aggregation": "average",
  "smoothing": {
    "method": "moving_average",
    "window": 3
  },
  "threshold": 0.25,
  "classes": [
    "cel",
    "cla",
    "flu",
    "gac",
    "gel",
    "org",
    "pia",
    "sax",
    "tru",
    "vio",
    "voi"
  ],
  "timeline": [
    {
      "time_sec": 0.0,
      "intensity": {
        "cel": 0.016440002247691154,
        "cla": 0.0024135136045515537,
        "flu": 0.0056975046172738075,
        "gac": 0.15752632915973663,
        "gel": 0.012844334356486797,
        "org": 0.0011908846208825707,
        "pia": 0.4422634243965149,
        "sax": 0.022422928363084793,
        "tru": 0.0053926813416182995,
        "vio": 0.020199675112962723,
        "voi": 0.0037905965000391006
      }
    },
    {
      "time_sec": 1.5,
      "intensity": {
        "cel": 0.018880460411310196,
        "cla": 0.003383482340723276,
        "flu": 0.007695425301790237,
        "gac": 0.19095858931541443,
        "gel": 0.015276672318577766,
        "org": 0.0021464675664901733,
        "pia": 0.6894264817237854,
        "sax": 0.026213273406028748,
        "tru": 0.010684938170015812,
        "vio": 0.04111094772815704,
        "voi": 0.020908420905470848
      }
    },
    {
      "time_sec": 3.0,
      "intensity": {
        "cel": 0.016013361513614655,
        "cla": 0.003528022672981024,
        "flu": 0.006326030008494854,
        "gac": 0.1210339367389679,
        "gel": 0.016341788694262505,
        "org": 0.0025240546092391014,
        "pia": 0.6939332485198975,
        "sax": 0.024980751797556877,
        "tru": 0.014615344814956188,
        "vio": 0.05562523379921913,
        "voi": 0.029864130541682243
      }
    },
    {
      "time_sec": 4.5,
      "intensity": {
        "cel": 0.004090940114110708,
        "cla": 0.0017638724530115724,
        "flu": 0.004277419298887253,
        "gac": 0.04818594455718994,
        "gel": 0.009388938546180725,
        "org": 0.0016867000376805663,
        "pia": 0.5441974997520447,
        "sax": 0.01006152294576168,
        "tru": 0.010262351483106613,
        "vio": 0.03927687928080559,
        "voi": 0.02733948640525341
      }
    }
  ]
}