{
  "audio_file": "01. Helmet - Pure-15.wav",
  "segment_duration_sec": 3.0,
  "hop_duration_sec": 1.5,
  "aggregation": "average",
  "smoothing": {
    "method": "moving_average",
    "window": 3
  },
  "threshold": 0.25,
  "classes": [
    "cel",
    "cla",
    "flu",
    "gac",
    "gel",
    "org",
    "pia",
    "sax",
    "tru",
    "vio",
    "voi"
  ],
  "timeline": [
    {
      "time_sec": 0.0,
      "intensity": {
        "cel": 0.5088605284690857,
        "cla": 0.005385738797485828,
        "flu": 0.007141226902604103,
        "gac": 0.0009326905128546059,
        "gel": 0.21829497814178467,
        "org": 0.04096250981092453,
        "pia": 0.001895724213682115,
        "sax": 0.00568839255720377,
        "tru": 0.007200878579169512,
        "vio": 0.019316256046295166,
        "voi": 0.002896679099649191
      }
    },
    {
      "time_sec": 1.5,
      "intensity": {
        "cel": 0.7069995403289795,
        "cla": 0.007827410474419594,
        "flu": 0.031390462070703506,
        "gac": 0.002016377169638872,
        "gel": 0.2646431624889374,
        "org": 0.0654623955488205,
        "pia": 0.004429544787853956,
        "sax": 0.00728839123621583,
        "tru": 0.00848719198256731,
        "vio": 0.0300588458776474,
        "voi": 0.006797638721764088
      }
    },
    {
      "time_sec": 3.0,
      "intensity": {
        "cel": 0.4166017472743988,
        "cla": 0.005923096090555191,
        "flu": 0.02878774143755436,
        "gac": 0.0016687719617038965,
        "gel": 0.13122232258319855,
        "org": 0.04562802240252495,
        "pia": 0.003778061829507351,
        "sax": 0.005392725579440594,
        "tru": 0.004579632543027401,
        "vio": 0.021420367062091827,
        "voi": 0.005770579911768436
      }
    }
  ]
}