{
  "audio_file": "01. Caravan-10.wav",
  "segment_duration_sec": 3.0,
  "hop_duration_sec": 1.5,
  "aggregation": "average",
  "smoothing": {
    "method": "moving_average",
    "window": 3
  },
  "threshold": 0.25,
  "classes": [
    "cel",
    "cla",
    "flu",
    "gac",
    "gel",
    "org",
    "pia",
    "sax",
    "tru",
    "vio",
    "voi"
  ],
  "timeline": [
    {
      "time_sec": 0.0,
      "intensity": {
        "cel": 0.01054269727319479,
        "cla": 0.01968085952103138,
        "flu": 0.058029934763908386,
        "gac": 0.32378721237182617,
        "gel": 0.036362674087285995,
        "org": 0.03015833906829357,
        "pia": 0.27799496054649353,
        "sax": 0.017650248482823372,
        "tru": 0.02274126373231411,
        "vio": 0.031330592930316925,
        "voi": 0.006117972079664469
      }
    },
    {
      "time_sec": 1.5,
      "intensity": {
        "cel": 0.029139040037989616,
        "cla": 0.006239582318812609,
        "flu": 0.036900486797094345,
        "gac": 0.23837994039058685,
        "gel": 0.046362537890672684,
        "org": 0.0439097061753273,
        "pia": 0.36746108531951904,
        "sax": 0.02238304913043976,
        "tru": 0.009000927209854126,
        "vio": 0.023359959945082664,
        "voi": 0.004930502735078335
      }
    }
  ]
}