{
  "audio_file": "01. Offering-7.wav",
  "segment_duration_sec": 3.0,
  "hop_duration_sec": 1.5,
  "aggregation": "average",
  "smoothing": {
    "method": "moving_average",
    "window": 3
  },
  "threshold": 0.25,
  "classes": [
    "cel",
    "cla",
    "flu",
    "gac",
    "gel",
    "org",
    "pia",
    "sax",
    "tru",
    "vio",
    "voi"
  ],
  "timeline": [
    {
      "time_sec": 0.0,
      "intensity": {
        "cel": 0.021559813991189003,
        "cla": 0.011966666206717491,
        "flu": 0.0666670873761177,
        "gac": 0.032828934490680695,
        "gel": 0.04104021564126015,
        "org": 0.36856022477149963,
        "pia": 0.10525275766849518,
        "sax": 0.011821691878139973,
        "tru": 0.002914137439802289,
        "vio": 0.006525991018861532,
        "voi": 0.016349727287888527
      }
    },
    {
      "time_sec": 1.5,
      "intensity": {
        "cel": 0.05067390948534012,
        "cla": 0.01693662814795971,
        "flu": 0.1482703983783722,
        "gac": 0.11143980920314789,
        "gel": 0.06599922478199005,
        "org": 0.43913859128952026,
        "pia": 0.11970946937799454,
        "sax": 0.016360819339752197,
        "tru": 0.005588756408542395,
        "vio": 0.013086862862110138,
        "voi": 0.03555915504693985
      }
    },
    {
      "time_sec": 3.0,
      "intensity": {
        "cel": 0.07031534612178802,
        "cla": 0.012076117098331451,
        "flu": 0.11895912885665894,
        "gac": 0.1603013277053833,
        "gel": 0.10063726454973221,
        "org": 0.297929048538208,
        "pia": 0.06219736114144325,
        "sax": 0.018448324874043465,
        "tru": 0.014063332229852676,
        "vio": 0.01423142571002245,
        "voi": 0.034888409078121185
      }
    },
    {
      "time_sec": 4.5,
      "intensity": {
        "cel": 0.056021708995103836,
        "cla": 0.008890064433217049,
        "flu": 0.09721042215824127,
        "gac": 0.1436668038368225,
        "gel": 0.07559360563755035,
        "org": 0.08848510682582855,
        "pia": 0.023382820188999176,
        "sax": 0.011393161490559578,
        "tru": 0.01328948326408863,
        "vio": 0.010526098310947418,
        "voi": 0.023820973932743073
      }
    }
  ]
}