{
  "audio_file": "01. Offering-12.wav",
  "segment_duration_sec": 3.0,
  "hop_duration_sec": 1.5,
  "aggregation": "average",
  "smoothing": {
    "method": "moving_average",
    "window": 3
  },
  "threshold": 0.25,
  "classes": [
    "cel",
    "cla",
    "flu",
    "gac",
    "gel",
    "org",
    "pia",
    "sax",
    "tru",
    "vio",
    "voi"
  ],
  "timeline": [
    {
      "time_sec": 0.0,
      "intensity": {
        "cel": 0.0058397408574819565,
        "cla": 0.01681419648230076,
        "flu": 0.018470674753189087,
        "gac": 0.022541221231222153,
        "gel": 0.13921335339546204,
        "org": 0.23227320611476898,
        "pia": 0.1650162935256958,
        "sax": 0.022994544357061386,
        "tru": 0.008850469253957272,
        "vio": 0.010428459383547306,
        "voi": 0.027786623686552048
      }
    },
    {
      "time_sec": 1.5,
      "intensity": {
        "cel": 0.007367448415607214,
        "cla": 0.02213166281580925,
        "flu": 0.03036237135529518,
        "gac": 0.030350763350725174,
        "gel": 0.21771162748336792,
        "org": 0.33709242939949036,
        "pia": 0.20778369903564453,
        "sax": 0.03442399576306343,
        "tru": 0.010032687336206436,
        "vio": 0.013551690615713596,
        "voi": 0.07146278023719788
      }
    },
    {
      "time_sec": 3.0,
      "intensity": {
        "cel": 0.005469066556543112,
        "cla": 0.013955451548099518,
        "flu": 0.03179620951414108,
        "gac": 0.035891056060791016,
        "gel": 0.28053468465805054,
        "org": 0.3640572428703308,
        "pia": 0.19477450847625732,
        "sax": 0.035088129341602325,
        "tru": 0.009472495876252651,
        "vio": 0.010090965777635574,
        "voi": 0.09843900054693222
      }
    },
    {
      "time_sec": 4.5,
      "intensity": {
        "cel": 0.0019675511866807938,
        "cla": 0.007665965706110001,
        "flu": 0.02122182957828045,
        "gac": 0.017193928360939026,
        "gel": 0.17271386086940765,
        "org": 0.28065618872642517,
        "pia": 0.1514105498790741,
        "sax": 0.02619892731308937,
        "tru": 0.0019289447227492929,
        "vio": 0.0036557975690811872,
        "voi": 0.08648059517145157
      }
    }
  ]
}