{
  "audio_file": "01. Another World-13.wav",
  "segment_duration_sec": 3.0,
  "hop_duration_sec": 1.5,
  "aggregation": "average",
  "smoothing": {
    "method": "moving_average",
    "window": 3
  },
  "threshold": 0.25,
  "classes": [
    "cel",
    "cla",
    "flu",
    "gac",
    "gel",
    "org",
    "pia",
    "sax",
    "tru",
    "vio",
    "voi"
  ],
  "timeline": [
    {
      "time_sec": 0.0,
      "intensity": {
        "cel": 0.006565049756318331,
        "cla": 0.006155335810035467,
        "flu": 0.02558942325413227,
        "gac": 0.0007552913739345968,
        "gel": 0.0032597745303064585,
        "org": 0.37912389636039734,
        "pia": 0.0018524712650105357,
        "sax": 0.005799297709017992,
        "tru": 0.004408784676343203,
        "vio": 0.015792708843946457,
        "voi": 0.18328005075454712
      }
    },
    {
      "time_sec": 1.5,
      "intensity": {
        "cel": 0.009507841430604458,
        "cla": 0.010925021953880787,
        "flu": 0.04144364222884178,
        "gac": 0.0010915815364569426,
        "gel": 0.00941030029207468,
        "org": 0.4629644751548767,
        "pia": 0.0027075668331235647,
        "sax": 0.0075123123824596405,
        "tru": 0.009312408044934273,
        "vio": 0.02565518021583557,
        "voi": 0.32151857018470764
      }
    },
    {
      "time_sec": 3.0,
      "intensity": {
        "cel": 0.0047658225521445274,
        "cla": 0.0074986680410802364,
        "flu": 0.025363977998495102,
        "gac": 0.0005378919304348528,
        "gel": 0.008552690036594868,
        "org": 0.2549540400505066,
        "pia": 0.002000909298658371,
        "sax": 0.0042213317938148975,
        "tru": 0.007104034069925547,
        "vio": 0.015890449285507202,
        "voi": 0.2841796576976776
      }
    }
  ]
}