{
  "audio_file": "01. Helmet - Pure-3.wav",
  "segment_duration_sec": 3.0,
  "hop_duration_sec": 1.5,
  "aggregation": "average",
  "smoothing": {
    "method": "moving_average",
    "window": 3
  },
  "threshold": 0.25,
  "classes": [
    "cel",
    "cla",
    "flu",
    "gac",
    "gel",
    "org",
    "pia",
    "sax",
    "tru",
    "vio",
    "voi"
  ],
  "timeline": [
    {
      "time_sec": 0.0,
      "intensity": {
        "cel": 0.028089914470911026,
        "cla": 0.002070120070129633,
        "flu": 0.5692053437232971,
        "gac": 0.0873112753033638,
        "gel": 0.002645484870299697,
        "org": 0.0019124974496662617,
        "pia": 0.0003951955877710134,
        "sax": 0.013916529715061188,
        "tru": 0.1628771871328354,
        "vio": 0.05038553476333618,
        "voi": 0.021603280678391457
      }
    },
    {
      "time_sec": 1.5,
      "intensity": {
        "cel": 0.055634595453739166,
        "cla": 0.002831010613590479,
        "flu": 0.7603597640991211,
        "gac": 0.08905691653490067,
        "gel": 0.0041073947213590145,
        "org": 0.010090782307088375,
        "pia": 0.0017624403117224574,
        "sax": 0.020135561004281044,
        "tru": 0.16914570331573486,
        "vio": 0.05591185390949249,
        "voi": 0.03884025290608406
      }
    },
    {
      "time_sec": 3.0,
      "intensity": {
        "cel": 0.05038886144757271,
        "cla": 0.0031626210547983646,
        "flu": 0.7338029146194458,
        "gac": 0.03487361595034599,
        "gel": 0.004596357699483633,
        "org": 0.010036040097475052,
        "pia": 0.0017834983300417662,
        "sax": 0.026943044736981392,
        "tru": 0.15681885182857513,
        "vio": 0.06739175319671631,
        "voi": 0.0516619049012661
      }
    },
    {
      "time_sec": 4.5,
      "intensity": {
        "cel": 0.03933974355459213,
        "cla": 0.0026375248562544584,
        "flu": 0.4899013936519623,
        "gac": 0.02883658930659294,
        "gel": 0.0020975242368876934,
        "org": 0.008879035711288452,
        "pia": 0.0014824216486886144,
        "sax": 0.022385375574231148,
        "tru": 0.027492910623550415,
        "vio": 0.02356940135359764,
        "voi": 0.03259417787194252
      }
    }
  ]
}