{
  "audio_file": "01. sensing-12.wav",
  "segment_duration_sec": 3.0,
  "hop_duration_sec": 1.5,
  "aggregation": "average",
  "smoothing": {
    "method": "moving_average",
    "window": 3
  },
  "threshold": 0.25,
  "classes": [
    "cel",
    "cla",
    "flu",
    "gac",
    "gel",
    "org",
    "pia",
    "sax",
    "tru",
    "vio",
    "voi"
  ],
  "timeline": [
    {
      "time_sec": 0.0,
      "intensity": {
        "cel": 0.005593887064605951,
        "cla": 0.0017713820561766624,
        "flu": 0.040775053203105927,
        "gac": 0.3159647583961487,
        "gel": 0.018337028101086617,
        "org": 0.0023095393553376198,
        "pia": 0.24052710831165314,
        "sax": 0.007426626980304718,
        "tru": 0.0016630798345431685,
        "vio": 0.014130367897450924,
        "voi": 0.017665116116404533
      }
    },
    {
      "time_sec": 1.5,
      "intensity": {
        "cel": 0.005950639955699444,
        "cla": 0.0030356268398463726,
        "flu": 0.0483882874250412,
        "gac": 0.3944782316684723,
        "gel": 0.03216766566038132,
        "org": 0.002626074943691492,
        "pia": 0.5558935403823853,
        "sax": 0.009956167079508305,
        "tru": 0.0025777569971978664,
        "vio": 0.014793704263865948,
        "voi": 0.018980633467435837
      }
    },
    {
      "time_sec": 3.0,
      "intensity": {
        "cel": 0.00305571430362761,
        "cla": 0.002691589994356036,
        "flu": 0.022469300776720047,
        "gac": 0.3154521584510803,
        "gel": 0.0665646567940712,
        "org": 0.0020282974001020193,
        "pia": 0.742947518825531,
        "sax": 0.010739341378211975,
        "tru": 0.0033718019258230925,
        "vio": 0.009425891563296318,
        "voi": 0.004891438875347376
      }
    },
    {
      "time_sec": 4.5,
      "intensity": {
        "cel": 0.0009762191330082715,
        "cla": 0.0015895487740635872,
        "flu": 0.01393857505172491,
        "gac": 0.12327498942613602,
        "gel": 0.052806414663791656,
        "org": 0.0011351690627634525,
        "pia": 0.6349487900733948,
        "sax": 0.006432472728192806,
        "tru": 0.002569747157394886,
        "vio": 0.0011619410943239927,
        "voi": 0.002576269442215562
      }
    }
  ]
}