{
  "audio_file": "01. Another World-15.wav",
  "segment_duration_sec": 3.0,
  "hop_duration_sec": 1.5,
  "aggregation": "average",
  "smoothing": {
    "method": "moving_average",
    "window": 3
  },
  "threshold": 0.25,
  "classes": [
    "cel",
    "cla",
    "flu",
    "gac",
    "gel",
    "org",
    "pia",
    "sax",
    "tru",
    "vio",
    "voi"
  ],
  "timeline": [
    {
      "time_sec": 0.0,
      "intensity": {
        "cel": 0.009446264244616032,
        "cla": 0.018793713301420212,
        "flu": 0.003633039304986596,
        "gac": 0.10090223699808121,
        "gel": 0.030914777889847755,
        "org": 0.0051363087259233,
        "pia": 0.23783859610557556,
        "sax": 0.011914177797734737,
        "tru": 0.045175909996032715,
        "vio": 0.018276823684573174,
        "voi": 0.005243600811809301
      }
    },
    {
      "time_sec": 1.5,
      "intensity": {
        "cel": 0.010324391536414623,
        "cla": 0.061055250465869904,
        "flu": 0.004670994356274605,
        "gac": 0.1261593997478485,
        "gel": 0.05059170722961426,
        "org": 0.009438831359148026,
        "pia": 0.49168160557746887,
        "sax": 0.018349235877394676,
        "tru": 0.05871598422527313,
        "vio": 0.02250858210027218,
        "voi": 0.006423505488783121
      }
    },
    {
      "time_sec": 3.0,
      "intensity": {
        "cel": 0.005462494678795338,
        "cla": 0.09087718278169632,
        "flu": 0.006494259927421808,
        "gac": 0.1659143567085266,
        "gel": 0.05667564272880554,
        "org": 0.026238614693284035,
        "pia": 0.44435152411460876,
        "sax": 0.021020371466875076,
        "tru": 0.06216983497142792,
        "vio": 0.026516063138842583,
        "voi": 0.013161280192434788
      }
    },
    {
      "time_sec": 4.5,
      "intensity": {
        "cel": 0.0030027925968170166,
        "cla": 0.08291921764612198,
        "flu": 0.005150166340172291,
        "gac": 0.11233780533075333,
        "gel": 0.04096091166138649,
        "org": 0.024791721254587173,
        "pia": 0.27122071385383606,
        "sax": 0.01724310778081417,
        "tru": 0.028967173770070076,
        "vio": 0.015565882436931133,
        "voi": 0.011943070217967033
      }
    }
  ]
}