{
  "audio_file": "01. Offering-10.wav",
  "segment_duration_sec": 3.0,
  "hop_duration_sec": 1.5,
  "aggregation": "average",
  "smoothing": {
    "method": "moving_average",
    "window": 3
  },
  "threshold": 0.25,
  "classes": [
    "cel",
    "cla",
    "flu",
    "gac",
    "gel",
    "org",
    "pia",
    "sax",
    "tru",
    "vio",
    "voi"
  ],
  "timeline": [
    {
      "time_sec": 0.0,
      "intensity": {
        "cel": 0.005771093536168337,
        "cla": 0.009618760086596012,
        "flu": 0.003832518123090267,
        "gac": 0.03903951868414879,
        "gel": 0.6253087520599365,
        "org": 0.6656979322433472,
        "pia": 0.22828687727451324,
        "sax": 0.05081486329436302,
        "tru": 0.007665653247386217,
        "vio": 0.003127958858385682,
        "voi": 0.020000530406832695
      }
    },
    {
      "time_sec": 1.5,
      "intensity": {
        "cel": 0.006238544825464487,
        "cla": 0.010891889221966267,
        "flu": 0.010436421260237694,
        "gac": 0.01023031584918499,
        "gel": 0.21134161949157715,
        "org": 0.7952553629875183,
        "pia": 0.20196062326431274,
        "sax": 0.07230524718761444,
        "tru": 0.005593268200755119,
        "vio": 0.004518419504165649,
        "voi": 0.06111708655953407
      }
    }
  ]
}