{
  "audio_file": "01. Offering-11.wav",
  "segment_duration_sec": 3.0,
  "hop_duration_sec": 1.5,
  "aggregation": "average",
  "smoothing": {
    "method": "moving_average",
    "window": 3
  },
  "threshold": 0.25,
  "classes": [
    "cel",
    "cla",
    "flu",
    "gac",
    "gel",
    "org",
    "pia",
    "sax",
    "tru",
    "vio",
    "voi"
  ],
  "timeline": [
    {
      "time_sec": 0.0,
      "intensity": {
        "cel": 0.0031848095823079348,
        "cla": 0.00784922856837511,
        "flu": 0.06302431225776672,
        "gac": 0.008580752648413181,
        "gel": 0.20348769426345825,
        "org": 0.6849468946456909,
        "pia": 0.2591186761856079,
        "sax": 0.014836965128779411,
        "tru": 0.00467325747013092,
        "vio": 0.006175318732857704,
        "voi": 0.014289762824773788
      }
    },
    {
      "time_sec": 1.5,
      "intensity": {
        "cel": 0.003109423676505685,
        "cla": 0.0590963289141655,
        "flu": 0.017676493152976036,
        "gac": 0.011095832102000713,
        "gel": 0.2986917495727539,
        "org": 0.4372897744178772,
        "pia": 0.5527547001838684,
        "sax": 0.041285499930381775,
        "tru": 0.03217780217528343,
        "vio": 0.004951779264956713,
        "voi": 0.014673220925033092
      }
    }
  ]
}