{
  "audio_file": "01. In The Crease-3.wav",
  "segment_duration_sec": 3.0,
  "hop_duration_sec": 1.5,
  "aggregation": "average",
  "smoothing": {
    "method": "moving_average",
    "window": 3
  },
  "threshold": 0.25,
  "classes": [
    "cel",
    "cla",
    "flu",
    "gac",
    "gel",
    "org",
    "pia",
    "sax",
    "tru",
    "vio",
    "voi"
  ],
  "timeline": [
    {
      "time_sec": 0.0,
      "intensity": {
        "cel": 0.010220522992312908,
        "cla": 0.009057261049747467,
        "flu": 0.032821182161569595,
        "gac": 0.17106857895851135,
        "gel": 0.10155370831489563,
        "org": 0.036438845098018646,
        "pia": 0.2642727792263031,
        "sax": 0.019972732290625572,
        "tru": 0.004448846448212862,
        "vio": 0.005778486840426922,
        "voi": 0.023979324847459793
      }
    },
    {
      "time_sec": 1.5,
      "intensity": {
        "cel": 0.019025607034564018,
        "cla": 0.010695274919271469,
        "flu": 0.05485839024186134,
        "gac": 0.253969669342041,
        "gel": 0.1366555094718933,
        "org": 0.04846210777759552,
        "pia": 0.3802434802055359,
        "sax": 0.02547737956047058,
        "tru": 0.0066915410570800304,
        "vio": 0.010030565783381462,
        "voi": 0.0335039459168911
      }
    },
    {
      "time_sec": 3.0,
      "intensity": {
        "cel": 0.015258417464792728,
        "cla": 0.008337445557117462,
        "flu": 0.044798776507377625,
        "gac": 0.1763303577899933,
        "gel": 0.0768052414059639,
        "org": 0.022098978981375694,
        "pia": 0.1719244420528412,
        "sax": 0.017043128609657288,
        "tru": 0.004960766527801752,
        "vio": 0.009101655334234238,
        "voi": 0.028912050649523735
      }
    }
  ]
}