{
  "audio_file": "01. Helmet - Pure-12.wav",
  "segment_duration_sec": 3.0,
  "hop_duration_sec": 1.5,
  "aggregation": "average",
  "smoothing": {
    "method": "moving_average",
    "window": 3
  },
  "threshold": 0.25,
  "classes": [
    "cel",
    "cla",
    "flu",
    "gac",
    "gel",
    "org",
    "pia",
    "sax",
    "tru",
    "vio",
    "voi"
  ],
  "timeline": [
    {
      "time_sec": 0.0,
      "intensity": {
        "cel": 0.562415599822998,
        "cla": 0.0006962246261537075,
        "flu": 0.0014054377097636461,
        "gac": 0.0006771181360818446,
        "gel": 0.3876282870769501,
        "org": 0.028919871896505356,
        "pia": 0.0011465847492218018,
        "sax": 0.00404868321493268,
        "tru": 0.005102233495563269,
        "vio": 0.015916530042886734,
        "voi": 0.0011889021843671799
      }
    },
    {
      "time_sec": 1.5,
      "intensity": {
        "cel": 0.8584892153739929,
        "cla": 0.0011492717312648892,
        "flu": 0.0020874508190900087,
        "gac": 0.0009526013745926321,
        "gel": 0.5660710334777832,
        "org": 0.0514344796538353,
        "pia": 0.0027685670647770166,
        "sax": 0.005554747302085161,
        "tru": 0.006416636053472757,
        "vio": 0.026941049844026566,
        "voi": 0.001470325980335474
      }
    },
    {
      "time_sec": 3.0,
      "intensity": {
        "cel": 0.5714781880378723,
        "cla": 0.0007584260310977697,
        "flu": 0.001143682049587369,
        "gac": 0.0006610080017708242,
        "gel": 0.3708846867084503,
        "org": 0.03846824914216995,
        "pia": 0.002181455958634615,
        "sax": 0.00402993056923151,
        "tru": 0.0041705891489982605,
        "vio": 0.01807575859129429,
        "voi": 0.0007417194428853691
      }
    }
  ]
}