{
  "audio_file": "02 - synergistic perceptions-16.wav",
  "segment_duration_sec": 3.0,
  "hop_duration_sec": 1.5,
  "aggregation": "average",
  "smoothing": {
    "method": "moving_average",
    "window": 3
  },
  "threshold": 0.25,
  "classes": [
    "cel",
    "cla",
    "flu",
    "gac",
    "gel",
    "org",
    "pia",
    "sax",
    "tru",
    "vio",
    "voi"
  ],
  "timeline": [
    {
      "time_sec": 0.0,
      "intensity": {
        "cel": 0.0025699674151837826,
        "cla": 0.0036292013246566057,
        "flu": 0.013324298895895481,
        "gac": 0.0095588443800807,
        "gel": 0.21408547461032867,
        "org": 0.004593886435031891,
        "pia": 0.40871503949165344,
        "sax": 0.00860081147402525,
        "tru": 0.06662297993898392,
        "vio": 0.0007944228709675372,
        "voi": 0.011097175069153309
      }
    },
    {
      "time_sec": 1.5,
      "intensity": {
        "cel": 0.03860050067305565,
        "cla": 0.012700394727289677,
        "flu": 0.0213454719632864,
        "gac": 0.016929293051362038,
        "gel": 0.24813076853752136,
        "org": 0.03198929876089096,
        "pia": 0.42024266719818115,
        "sax": 0.012849467806518078,
        "tru": 0.08068374544382095,
        "vio": 0.001610571169294417,
        "voi": 0.01314869150519371
      }
    },
    {
      "time_sec": 3.0,
      "intensity": {
        "cel": 0.03740537166595459,
        "cla": 0.010789547115564346,
        "flu": 0.012499541975557804,
        "gac": 0.012372338213026524,
        "gel": 0.1768772304058075,
        "org": 0.030082600191235542,
        "pia": 0.17364013195037842,
        "sax": 0.006894715595990419,
        "tru": 0.0452558696269989,
        "vio": 0.0011391728185117245,
        "voi": 0.007534212898463011
      }
    }
  ]
}