{
  "audio_file": "02-the_theory_of_everything_part_2-10.wav",
  "segment_duration_sec": 3.0,
  "hop_duration_sec": 1.5,
  "aggregation": "average",
  "smoothing": {
    "method": "moving_average",
    "window": 3
  },
  "threshold": 0.25,
  "classes": [
    "cel",
    "cla",
    "flu",
    "gac",
    "gel",
    "org",
    "pia",
    "sax",
    "tru",
    "vio",
    "voi"
  ],
  "timeline": [
    {
      "time_sec": 0.0,
      "intensity": {
        "cel": 0.01298291701823473,
        "cla": 0.008489472791552544,
        "flu": 0.022662529721856117,
        "gac": 0.01564600318670273,
        "gel": 0.02898784540593624,
        "org": 0.23868270218372345,
        "pia": 0.023877840489149094,
        "sax": 0.01677345670759678,
        "tru": 0.011937065050005913,
        "vio": 0.08536375313997269,
        "voi": 0.17879469692707062
      }
    },
    {
      "time_sec": 1.5,
      "intensity": {
        "cel": 0.017366506159305573,
        "cla": 0.011255467310547829,
        "flu": 0.03336272016167641,
        "gac": 0.04248642176389694,
        "gel": 0.08105234056711197,
        "org": 0.31514763832092285,
        "pia": 0.04162582382559776,
        "sax": 0.025899354368448257,
        "tru": 0.015143371187150478,
        "vio": 0.10371248424053192,
        "voi": 0.2498072385787964
      }
    },
    {
      "time_sec": 3.0,
      "intensity": {
        "cel": 0.01627306640148163,
        "cla": 0.007969338446855545,
        "flu": 0.022086286917328835,
        "gac": 0.03412117809057236,
        "gel": 0.07458007335662842,
        "org": 0.2474178522825241,
        "pia": 0.03669695556163788,
        "sax": 0.02027873508632183,
        "tru": 0.014141411520540714,
        "vio": 0.05951036140322685,
        "voi": 0.09109149128198624
      }
    }
  ]
}