{
  "audio_file": "02-the_mars_volta-the_widow-jrp-13.wav",
  "segment_duration_sec": 3.0,
  "hop_duration_sec": 1.5,
  "aggregation": "average",
  "smoothing": {
    "method": "moving_average",
    "window": 3
  },
  "threshold": 0.25,
  "classes": [
    "cel",
    "cla",
    "flu",
    "gac",
    "gel",
    "org",
    "pia",
    "sax",
    "tru",
    "vio",
    "voi"
  ],
  "timeline": [
    {
      "time_sec": 0.0,
      "intensity": {
        "cel": 0.021033436059951782,
        "cla": 0.00346047873608768,
        "flu": 0.03793472796678543,
        "gac": 0.002934008836746216,
        "gel": 0.06242833659052849,
        "org": 0.12904924154281616,
        "pia": 0.007698888890445232,
        "sax": 0.006232035346329212,
        "tru": 0.015885036438703537,
        "vio": 0.09034270793199539,
        "voi": 0.5144103765487671
      }
    },
    {
      "time_sec": 1.5,
      "intensity": {
        "cel": 0.023840662091970444,
        "cla": 0.012262077070772648,
        "flu": 0.01926404796540737,
        "gac": 0.010172567330300808,
        "gel": 0.12296289205551147,
        "org": 0.22153478860855103,
        "pia": 0.006953560747206211,
        "sax": 0.011834749020636082,
        "tru": 0.011502889916300774,
        "vio": 0.1701958030462265,
        "voi": 0.127523735165596
      }
    }
  ]
}