{
  "audio_file": "02-the_mars_volta-the_widow-jrp-14.wav",
  "segment_duration_sec": 3.0,
  "hop_duration_sec": 1.5,
  "aggregation": "average",
  "smoothing": {
    "method": "moving_average",
    "window": 3
  },
  "threshold": 0.25,
  "classes": [
    "cel",
    "cla",
    "flu",
    "gac",
    "gel",
    "org",
    "pia",
    "sax",
    "tru",
    "vio",
    "voi"
  ],
  "timeline": [
    {
      "time_sec": 0.0,
      "intensity": {
        "cel": 0.0031548473052680492,
        "cla": 0.0025545451790094376,
        "flu": 0.058852892369031906,
        "gac": 0.005959740839898586,
        "gel": 0.037756599485874176,
        "org": 0.0006086314097046852,
        "pia": 0.008283967152237892,
        "sax": 0.013296782970428467,
        "tru": 0.0017241471214219928,
        "vio": 0.21391962468624115,
        "voi": 0.890408456325531
      }
    },
    {
      "time_sec": 1.5,
      "intensity": {
        "cel": 0.003969020675867796,
        "cla": 0.015359665267169476,
        "flu": 0.17193685472011566,
        "gac": 0.0023638615384697914,
        "gel": 0.018277859315276146,
        "org": 0.005453025922179222,
        "pia": 0.018719658255577087,
        "sax": 0.012675339356064796,
        "tru": 0.0021645647939294577,
        "vio": 0.0367254801094532,
        "voi": 0.8214386701583862
      }
    }
  ]
}