{
  "audio_file": "02-the_mars_volta-the_widow-jrp-12.wav",
  "segment_duration_sec": 3.0,
  "hop_duration_sec": 1.5,
  "aggregation": "average",
  "smoothing": {
    "method": "moving_average",
    "window": 3
  },
  "threshold": 0.25,
  "classes": [
    "cel",
    "cla",
    "flu",
    "gac",
    "gel",
    "org",
    "pia",
    "sax",
    "tru",
    "vio",
    "voi"
  ],
  "timeline": [
    {
      "time_sec": 0.0,
      "intensity": {
        "cel": 0.009973719716072083,
        "cla": 0.0006270440644584596,
        "flu": 0.0031556659378111362,
        "gac": 0.0009574434370733798,
        "gel": 0.019971661269664764,
        "org": 0.005626692436635494,
        "pia": 0.0006437415140680969,
        "sax": 0.020965702831745148,
        "tru": 0.01439258735626936,
        "vio": 0.013147243298590183,
        "voi": 0.6356317400932312
      }
    },
    {
      "time_sec": 1.5,
      "intensity": {
        "cel": 0.01019580103456974,
        "cla": 0.002211939776316285,
        "flu": 0.003292609238997102,
        "gac": 0.007242501713335514,
        "gel": 0.039942026138305664,
        "org": 0.005779959261417389,
        "pia": 0.0011491249315440655,
        "sax": 0.07535471022129059,
        "tru": 0.01553632877767086,
        "vio": 0.01779298670589924,
        "voi": 0.9629555940628052
      }
    },
    {
      "time_sec": 3.0,
      "intensity": {
        "cel": 0.0028748097829520702,
        "cla": 0.0021002255380153656,
        "flu": 0.002197264228016138,
        "gac": 0.006663189735263586,
        "gel": 0.03661995008587837,
        "org": 0.003507582936435938,
        "pia": 0.000792431877925992,
        "sax": 0.07115498185157776,
        "tru": 0.01025744341313839,
        "vio": 0.011303375475108624,
        "voi": 0.633228600025177
      }
    }
  ]
}