{
  "audio_file": "02-the_mars_volta-the_widow-jrp-8.wav",
  "segment_duration_sec": 3.0,
  "hop_duration_sec": 1.5,
  "aggregation": "average",
  "smoothing": {
    "method": "moving_average",
    "window": 3
  },
  "threshold": 0.25,
  "classes": [
    "cel",
    "cla",
    "flu",
    "gac",
    "gel",
    "org",
    "pia",
    "sax",
    "tru",
    "vio",
    "voi"
  ],
  "timeline": [
    {
      "time_sec": 0.0,
      "intensity": {
        "cel": 0.006612744182348251,
        "cla": 0.0009072499815374613,
        "flu": 0.0027243990916758776,
        "gac": 0.0038412960711866617,
        "gel": 0.00892163161188364,
        "org": 0.001522086444310844,
        "pia": 0.001288917032070458,
        "sax": 0.0657588467001915,
        "tru": 0.004217773675918579,
        "vio": 0.011443004012107849,
        "voi": 0.6450430750846863
      }
    },
    {
      "time_sec": 1.5,
      "intensity": {
        "cel": 0.006924591958522797,
        "cla": 0.002583091612905264,
        "flu": 0.003367173718288541,
        "gac": 0.010441828519105911,
        "gel": 0.015288030728697777,
        "org": 0.0018216052558273077,
        "pia": 0.0014957422390580177,
        "sax": 0.13130219280719757,
        "tru": 0.004807513672858477,
        "vio": 0.01641964539885521,
        "voi": 0.9760441780090332
      }
    },
    {
      "time_sec": 3.0,
      "intensity": {
        "cel": 0.003780576167628169,
        "cla": 0.0023494036868214607,
        "flu": 0.0016227863961830735,
        "gac": 0.007656198460608721,
        "gel": 0.01113634742796421,
        "org": 0.0012133537093177438,
        "pia": 0.000552197452634573,
        "sax": 0.12388738989830017,
        "tru": 0.0031742253340780735,
        "vio": 0.008561410009860992,
        "voi": 0.6467493772506714
      }
    }
  ]
}