{
  "audio_file": "02-the_mars_volta-the_widow-jrp-15.wav",
  "segment_duration_sec": 3.0,
  "hop_duration_sec": 1.5,
  "aggregation": "average",
  "smoothing": {
    "method": "moving_average",
    "window": 3
  },
  "threshold": 0.25,
  "classes": [
    "cel",
    "cla",
    "flu",
    "gac",
    "gel",
    "org",
    "pia",
    "sax",
    "tru",
    "vio",
    "voi"
  ],
  "timeline": [
    {
      "time_sec": 0.0,
      "intensity": {
        "cel": 0.019803835079073906,
        "cla": 0.003505609929561615,
        "flu": 0.007629393599927425,
        "gac": 0.00923951342701912,
        "gel": 0.020931530743837357,
        "org": 0.015344420447945595,
        "pia": 0.001574165653437376,
        "sax": 0.01754813827574253,
        "tru": 0.005700116511434317,
        "vio": 0.01920575089752674,
        "voi": 0.6226298809051514
      }
    },
    {
      "time_sec": 1.5,
      "intensity": {
        "cel": 0.03875322639942169,
        "cla": 0.003857922973111272,
        "flu": 0.01364179141819477,
        "gac": 0.011700484901666641,
        "gel": 0.026201510801911354,
        "org": 0.020746320486068726,
        "pia": 0.001909338985569775,
        "sax": 0.024604463949799538,
        "tru": 0.013508254662156105,
        "vio": 0.02323276922106743,
        "voi": 0.9408299922943115
      }
    },
    {
      "time_sec": 3.0,
      "intensity": {
        "cel": 0.0316811166703701,
        "cla": 0.0023254319094121456,
        "flu": 0.020103517919778824,
        "gac": 0.011490222066640854,
        "gel": 0.02645683102309704,
        "org": 0.017510661855340004,
        "pia": 0.0017978795804083347,
        "sax": 0.022564591839909554,
        "tru": 0.01614372618496418,
        "vio": 0.04207124933600426,
        "voi": 0.9447627067565918
      }
    },
    {
      "time_sec": 4.5,
      "intensity": {
        "cel": 0.02389809675514698,
        "cla": 0.000678119424264878,
        "flu": 0.014817493036389351,
        "gac": 0.005819026380777359,
        "gel": 0.015265329740941525,
        "org": 0.006891778204590082,
        "pia": 0.00107124715577811,
        "sax": 0.012426824308931828,
        "tru": 0.012438447214663029,
        "vio": 0.03664371371269226,
        "voi": 0.6340728998184204
      }
    }
  ]
}