{
  "audio_file": "03 - Symptom of the Universe-18.wav",
  "segment_duration_sec": 3.0,
  "hop_duration_sec": 1.5,
  "aggregation": "average",
  "smoothing": {
    "method": "moving_average",
    "window": 3
  },
  "threshold": 0.25,
  "classes": [
    "cel",
    "cla",
    "flu",
    "gac",
    "gel",
    "org",
    "pia",
    "sax",
    "tru",
    "vio",
    "voi"
  ],
  "timeline": [
    {
      "time_sec": 0.0,
      "intensity": {
        "cel": 0.022005915641784668,
        "cla": 0.06968914717435837,
        "flu": 0.0456986278295517,
        "gac": 0.13854773342609406,
        "gel": 0.06862372159957886,
        "org": 0.11867471784353256,
        "pia": 0.040070950984954834,
        "sax": 0.02910229004919529,
        "tru": 0.015194641426205635,
        "vio": 0.046763546764850616,
        "voi": 0.01334416214376688
      }
    },
    {
      "time_sec": 1.5,
      "intensity": {
        "cel": 0.015405156649649143,
        "cla": 0.029879802837967873,
        "flu": 0.010515032336115837,
        "gac": 0.09075850248336792,
        "gel": 0.17457064986228943,
        "org": 0.21348708868026733,
        "pia": 0.017062803730368614,
        "sax": 0.046566154807806015,
        "tru": 0.09075503796339035,
        "vio": 0.019445382058620453,
        "voi": 0.013225951232016087
      }
    }
  ]
}