{
  "audio_file": "03 - Symptom of the Universe-19.wav",
  "segment_duration_sec": 3.0,
  "hop_duration_sec": 1.5,
  "aggregation": "average",
  "smoothing": {
    "method": "moving_average",
    "window": 3
  },
  "threshold": 0.25,
  "classes": [
    "cel",
    "cla",
    "flu",
    "gac",
    "gel",
    "org",
    "pia",
    "sax",
    "tru",
    "vio",
    "voi"
  ],
  "timeline": [
    {
      "time_sec": 0.0,
      "intensity": {
        "cel": 0.061413347721099854,
        "cla": 0.02096499130129814,
        "flu": 0.03891448304057121,
        "gac": 0.07444136589765549,
        "gel": 0.1373787373304367,
        "org": 0.13041892647743225,
        "pia": 0.014214231632649899,
        "sax": 0.01463652029633522,
        "tru": 0.05534004792571068,
        "vio": 0.03018820285797119,
        "voi": 0.016138942912220955
      }
    },
    {
      "time_sec": 1.5,
      "intensity": {
        "cel": 0.024534501135349274,
        "cla": 0.013494472950696945,
        "flu": 0.04519489035010338,
        "gac": 0.14555855095386505,
        "gel": 0.0823877677321434,
        "org": 0.01898450218141079,
        "pia": 0.028983352705836296,
        "sax": 0.012856070883572102,
        "tru": 0.048367828130722046,
        "vio": 0.016594741493463516,
        "voi": 0.02154061384499073
      }
    }
  ]
}