{
  "audio_file": "03 - kraftwerk - nummern-2.wav",
  "segment_duration_sec": 3.0,
  "hop_duration_sec": 1.5,
  "aggregation": "average",
  "smoothing": {
    "method": "moving_average",
    "window": 3
  },
  "threshold": 0.25,
  "classes": [
    "cel",
    "cla",
    "flu",
    "gac",
    "gel",
    "org",
    "pia",
    "sax",
    "tru",
    "vio",
    "voi"
  ],
  "timeline": [
    {
      "time_sec": 0.0,
      "intensity": {
        "cel": 0.0009372903150506318,
        "cla": 0.0072613246738910675,
        "flu": 0.01229394692927599,
        "gac": 0.008380995132029057,
        "gel": 0.13724224269390106,
        "org": 0.02837219648063183,
        "pia": 0.03453165665268898,
        "sax": 0.009055830538272858,
        "tru": 0.02785154990851879,
        "vio": 0.01510873157531023,
        "voi": 0.3136523365974426
      }
    },
    {
      "time_sec": 1.5,
      "intensity": {
        "cel": 0.0014981181593611836,
        "cla": 0.008877910673618317,
        "flu": 0.01831890642642975,
        "gac": 0.010717349126935005,
        "gel": 0.1911444067955017,
        "org": 0.10704782605171204,
        "pia": 0.042917400598526,
        "sax": 0.01051722839474678,
        "tru": 0.03191808983683586,
        "vio": 0.07489153742790222,
        "voi": 0.40281105041503906
      }
    },
    {
      "time_sec": 3.0,
      "intensity": {
        "cel": 0.0009694574400782585,
        "cla": 0.007245414890348911,
        "flu": 0.012719852849841118,
        "gac": 0.00897288229316473,
        "gel": 0.18673871457576752,
        "org": 0.11004907637834549,
        "pia": 0.037445317953825,
        "sax": 0.008605478331446648,
        "tru": 0.021707596257328987,
        "vio": 0.10546378046274185,
        "voi": 0.5243709683418274
      }
    },
    {
      "time_sec": 4.5,
      "intensity": {
        "cel": 0.0007409587851725519,
        "cla": 0.0030340959783643484,
        "flu": 0.009286790154874325,
        "gac": 0.005098857916891575,
        "gel": 0.10472971946001053,
        "org": 0.10462108999490738,
        "pia": 0.018134957179427147,
        "sax": 0.0030661479104310274,
        "tru": 0.006220228038728237,
        "vio": 0.10078786313533783,
        "voi": 0.3293989300727844
      }
    }
  ]
}