{
  "audio_file": "03_fly like an eagle - steve miller-1.wav",
  "segment_duration_sec": 3.0,
  "hop_duration_sec": 1.5,
  "aggregation": "average",
  "smoothing": {
    "method": "moving_average",
    "window": 3
  },
  "threshold": 0.25,
  "classes": [
    "cel",
    "cla",
    "flu",
    "gac",
    "gel",
    "org",
    "pia",
    "sax",
    "tru",
    "vio",
    "voi"
  ],
  "timeline": [
    {
      "time_sec": 0.0,
      "intensity": {
        "cel": 0.0004954325268045068,
        "cla": 0.4456360638141632,
        "flu": 0.004200246650725603,
        "gac": 0.01807190291583538,
        "gel": 0.22522088885307312,
        "org": 0.06411685794591904,
        "pia": 0.40915447473526,
        "sax": 0.17671465873718262,
        "tru": 0.005055418238043785,
        "vio": 0.004571847151964903,
        "voi": 0.01342764776200056
      }
    },
    {
      "time_sec": 1.5,
      "intensity": {
        "cel": 0.00022332477965392172,
        "cla": 0.4017217755317688,
        "flu": 0.0009306751890107989,
        "gac": 0.016640840098261833,
        "gel": 0.3620588183403015,
        "org": 0.11034464091062546,
        "pia": 0.4891955554485321,
        "sax": 0.20560678839683533,
        "tru": 0.020909124985337257,
        "vio": 0.0052941711619496346,
        "voi": 0.004229606594890356
      }
    }
  ]
}