{
  "audio_file": "03_fly like an eagle - steve miller-2.wav",
  "segment_duration_sec": 3.0,
  "hop_duration_sec": 1.5,
  "aggregation": "average",
  "smoothing": {
    "method": "moving_average",
    "window": 3
  },
  "threshold": 0.25,
  "classes": [
    "cel",
    "cla",
    "flu",
    "gac",
    "gel",
    "org",
    "pia",
    "sax",
    "tru",
    "vio",
    "voi"
  ],
  "timeline": [
    {
      "time_sec": 0.0,
      "intensity": {
        "cel": 0.0005951477214694023,
        "cla": 0.01352545153349638,
        "flu": 0.005909819155931473,
        "gac": 0.01202095951884985,
        "gel": 0.18151110410690308,
        "org": 0.21517552435398102,
        "pia": 0.07125453650951385,
        "sax": 0.05014849081635475,
        "tru": 0.007467845920473337,
        "vio": 0.003907470032572746,
        "voi": 0.09223266690969467
      }
    },
    {
      "time_sec": 1.5,
      "intensity": {
        "cel": 0.001481038285419345,
        "cla": 0.015310279093682766,
        "flu": 0.018991701304912567,
        "gac": 0.029248390346765518,
        "gel": 0.23278476297855377,
        "org": 0.30046600103378296,
        "pia": 0.0759417936205864,
        "sax": 0.05500664934515953,
        "tru": 0.010588222183287144,
        "vio": 0.017472825944423676,
        "voi": 0.21834546327590942
      }
    },
    {
      "time_sec": 3.0,
      "intensity": {
        "cel": 0.0010843619238585234,
        "cla": 0.008265318349003792,
        "flu": 0.013814954087138176,
        "gac": 0.021884199231863022,
        "gel": 0.13733431696891785,
        "org": 0.23434685170650482,
        "pia": 0.029475662857294083,
        "sax": 0.03048069030046463,
        "tru": 0.005546786356717348,
        "vio": 0.01465272344648838,
        "voi": 0.18371298909187317
      }
    }
  ]
}