{
  "audio_file": "04 Red Bats With Teeth-2.wav",
  "segment_duration_sec": 3.0,
  "hop_duration_sec": 1.5,
  "aggregation": "average",
  "smoothing": {
    "method": "moving_average",
    "window": 3
  },
  "threshold": 0.25,
  "classes": [
    "cel",
    "cla",
    "flu",
    "gac",
    "gel",
    "org",
    "pia",
    "sax",
    "tru",
    "vio",
    "voi"
  ],
  "timeline": [
    {
      "time_sec": 0.0,
      "intensity": {
        "cel": 0.0035920878872275352,
        "cla": 0.01820647157728672,
        "flu": 0.005454782862216234,
        "gac": 0.043489910662174225,
        "gel": 0.1424829512834549,
        "org": 0.07460441440343857,
        "pia": 0.3730848431587219,
        "sax": 0.015032758004963398,
        "tru": 0.015509821474552155,
        "vio": 0.0033608966041356325,
        "voi": 0.024954168125987053
      }
    },
    {
      "time_sec": 1.5,
      "intensity": {
        "cel": 0.0047141676768660545,
        "cla": 0.02179114520549774,
        "flu": 0.008216303773224354,
        "gac": 0.05987398326396942,
        "gel": 0.17191332578659058,
        "org": 0.07598091661930084,
        "pia": 0.6743338704109192,
        "sax": 0.02175368182361126,
        "tru": 0.023390475660562515,
        "vio": 0.0037451700773090124,
        "voi": 0.03249531239271164
      }
    },
    {
      "time_sec": 3.0,
      "intensity": {
        "cel": 0.003004653612151742,
        "cla": 0.006944687571376562,
        "flu": 0.007507983595132828,
        "gac": 0.04990840703248978,
        "gel": 0.19306230545043945,
        "org": 0.134712353348732,
        "pia": 0.7027326822280884,
        "sax": 0.016732148826122284,
        "tru": 0.015814069658517838,
        "vio": 0.003551528323441744,
        "voi": 0.039943352341651917
      }
    },
    {
      "time_sec": 4.5,
      "intensity": {
        "cel": 0.001952592865563929,
        "cla": 0.006408095825463533,
        "flu": 0.0031148188281804323,
        "gac": 0.018826883286237717,
        "gel": 0.0670957863330841,
        "org": 0.06256826967000961,
        "pia": 0.6170269846916199,
        "sax": 0.01461899932473898,
        "tru": 0.013209209777414799,
        "vio": 0.0007349512889049947,
        "voi": 0.01832309551537037
      }
    }
  ]
}