{
  "audio_file": "04 Red Bats With Teeth-3.wav",
  "segment_duration_sec": 3.0,
  "hop_duration_sec": 1.5,
  "aggregation": "average",
  "smoothing": {
    "method": "moving_average",
    "window": 3
  },
  "threshold": 0.25,
  "classes": [
    "cel",
    "cla",
    "flu",
    "gac",
    "gel",
    "org",
    "pia",
    "sax",
    "tru",
    "vio",
    "voi"
  ],
  "timeline": [
    {
      "time_sec": 0.0,
      "intensity": {
        "cel": 0.0044697546400129795,
        "cla": 0.0049651628360152245,
        "flu": 0.01159253716468811,
        "gac": 0.39952877163887024,
        "gel": 0.1923002153635025,
        "org": 0.006582178175449371,
        "pia": 0.08660505712032318,
        "sax": 0.010687156580388546,
        "tru": 0.023346496745944023,
        "vio": 0.0053427983075380325,
        "voi": 0.045260343700647354
      }
    },
    {
      "time_sec": 1.5,
      "intensity": {
        "cel": 0.011378335766494274,
        "cla": 0.0073302616365253925,
        "flu": 0.027519768103957176,
        "gac": 0.5212182402610779,
        "gel": 0.2627040445804596,
        "org": 0.017341388389468193,
        "pia": 0.104047991335392,
        "sax": 0.017663216218352318,
        "tru": 0.02589305303990841,
        "vio": 0.02869822084903717,
        "voi": 0.0636541098356247
      }
    },
    {
      "time_sec": 3.0,
      "intensity": {
        "cel": 0.008443505503237247,
        "cla": 0.004910110495984554,
        "flu": 0.02372368797659874,
        "gac": 0.3583418130874634,
        "gel": 0.1542302370071411,
        "org": 0.012744752690196037,
        "pia": 0.06695182621479034,
        "sax": 0.010665749199688435,
        "tru": 0.013160252943634987,
        "vio": 0.025452744215726852,
        "voi": 0.029649492353200912
      }
    }
  ]
}