{
  "audio_file": "04 The Czar-36.wav",
  "segment_duration_sec": 3.0,
  "hop_duration_sec": 1.5,
  "aggregation": "average",
  "smoothing": {
    "method": "moving_average",
    "window": 3
  },
  "threshold": 0.25,
  "classes": [
    "cel",
    "cla",
    "flu",
    "gac",
    "gel",
    "org",
    "pia",
    "sax",
    "tru",
    "vio",
    "voi"
  ],
  "timeline": [
    {
      "time_sec": 0.0,
      "intensity": {
        "cel": 0.07394488900899887,
        "cla": 0.01816784404218197,
        "flu": 0.022432398051023483,
        "gac": 0.003805786371231079,
        "gel": 0.09312719851732254,
        "org": 0.04722754657268524,
        "pia": 0.007025519851595163,
        "sax": 0.009621898643672466,
        "tru": 0.014417328871786594,
        "vio": 0.16451920568943024,
        "voi": 0.005231199786067009
      }
    },
    {
      "time_sec": 1.5,
      "intensity": {
        "cel": 0.12434503436088562,
        "cla": 0.022175993770360947,
        "flu": 0.02697962522506714,
        "gac": 0.004037965089082718,
        "gel": 0.15599475800991058,
        "org": 0.07537444680929184,
        "pia": 0.009063305333256721,
        "sax": 0.017549950629472733,
        "tru": 0.01592159830033779,
        "vio": 0.23894673585891724,
        "voi": 0.010551655665040016
      }
    },
    {
      "time_sec": 3.0,
      "intensity": {
        "cel": 0.15633228421211243,
        "cla": 0.015811126679182053,
        "flu": 0.015797674655914307,
        "gac": 0.001407552044838667,
        "gel": 0.14367681741714478,
        "org": 0.06829684227705002,
        "pia": 0.005963694769889116,
        "sax": 0.028236214071512222,
        "tru": 0.009188960306346416,
        "vio": 0.3355202376842499,
        "voi": 0.01029793731868267
      }
    },
    {
      "time_sec": 4.5,
      "intensity": {
        "cel": 0.10011881589889526,
        "cla": 0.005810384172946215,
        "flu": 0.006459017284214497,
        "gac": 0.0005776626639999449,
        "gel": 0.11196129769086838,
        "org": 0.032815735787153244,
        "pia": 0.0022861610632389784,
        "sax": 0.024040542542934418,
        "tru": 0.0021541151218116283,
        "vio": 0.2584351599216461,
        "voi": 0.008471647277474403
      }
    }
  ]
}