{
  "audio_file": "04 The Czar-25.wav",
  "segment_duration_sec": 3.0,
  "hop_duration_sec": 1.5,
  "aggregation": "average",
  "smoothing": {
    "method": "moving_average",
    "window": 3
  },
  "threshold": 0.25,
  "classes": [
    "cel",
    "cla",
    "flu",
    "gac",
    "gel",
    "org",
    "pia",
    "sax",
    "tru",
    "vio",
    "voi"
  ],
  "timeline": [
    {
      "time_sec": 0.0,
      "intensity": {
        "cel": 0.5155206918716431,
        "cla": 0.006551453378051519,
        "flu": 0.0009340199758298695,
        "gac": 0.0021248662378638983,
        "gel": 0.17375826835632324,
        "org": 0.042764633893966675,
        "pia": 0.007222592830657959,
        "sax": 0.01031611766666174,
        "tru": 0.030460532754659653,
        "vio": 0.012979444116353989,
        "voi": 9.648254490457475e-05
      }
    },
    {
      "time_sec": 1.5,
      "intensity": {
        "cel": 0.8395394682884216,
        "cla": 0.007510981988161802,
        "flu": 0.0033368240110576153,
        "gac": 0.006780099589377642,
        "gel": 0.1840973198413849,
        "org": 0.06081366539001465,
        "pia": 0.01295954454690218,
        "sax": 0.016437456011772156,
        "tru": 0.03110811486840248,
        "vio": 0.01764823868870735,
        "voi": 0.00016749872884247452
      }
    },
    {
      "time_sec": 3.0,
      "intensity": {
        "cel": 0.9388776421546936,
        "cla": 0.0062248134054243565,
        "flu": 0.004521592520177364,
        "gac": 0.012107132002711296,
        "gel": 0.09160706400871277,
        "org": 0.0798676460981369,
        "pia": 0.017279012128710747,
        "sax": 0.019182490184903145,
        "tru": 0.00612976960837841,
        "vio": 0.014375180937349796,
        "voi": 0.0002754103916231543
      }
    },
    {
      "time_sec": 4.5,
      "intensity": {
        "cel": 0.636177659034729,
        "cla": 0.002400547033175826,
        "flu": 0.0038367854431271553,
        "gac": 0.010241307318210602,
        "gel": 0.025633834302425385,
        "org": 0.04885464906692505,
        "pia": 0.013165836222469807,
        "sax": 0.016249777749180794,
        "tru": 0.003957315348088741,
        "vio": 0.007655617315322161,
        "voi": 0.00024488018243573606
      }
    }
  ]
}