{
  "audio_file": "04 Zeca Baleiro - Com Jards Macale-1.wav",
  "segment_duration_sec": 3.0,
  "hop_duration_sec": 1.5,
  "aggregation": "average",
  "smoothing": {
    "method": "moving_average",
    "window": 3
  },
  "threshold": 0.25,
  "classes": [
    "cel",
    "cla",
    "flu",
    "gac",
    "gel",
    "org",
    "pia",
    "sax",
    "tru",
    "vio",
    "voi"
  ],
  "timeline": [
    {
      "time_sec": 0.0,
      "intensity": {
        "cel": 0.0035338071174919605,
        "cla": 0.03843700513243675,
        "flu": 0.10869302600622177,
        "gac": 0.1007496789097786,
        "gel": 0.007058926858007908,
        "org": 0.0008629007497802377,
        "pia": 0.01783229038119316,
        "sax": 0.03311242535710335,
        "tru": 0.008054608479142189,
        "vio": 0.1938229352235794,
        "voi": 0.00398730393499136
      }
    },
    {
      "time_sec": 1.5,
      "intensity": {
        "cel": 0.005209451541304588,
        "cla": 0.062298484146595,
        "flu": 0.13645951449871063,
        "gac": 0.24486887454986572,
        "gel": 0.008824498392641544,
        "org": 0.0012723907129839063,
        "pia": 0.04208109527826309,
        "sax": 0.04559806361794472,
        "tru": 0.009644773788750172,
        "vio": 0.2513750195503235,
        "voi": 0.005702509079128504
      }
    },
    {
      "time_sec": 3.0,
      "intensity": {
        "cel": 0.004249229095876217,
        "cla": 0.03731047362089157,
        "flu": 0.14968036115169525,
        "gac": 0.40710917115211487,
        "gel": 0.009885621257126331,
        "org": 0.0012142471969127655,
        "pia": 0.037609074264764786,
        "sax": 0.04059755057096481,
        "tru": 0.009512162767350674,
        "vio": 0.2232421487569809,
        "voi": 0.005810352973639965
      }
    },
    {
      "time_sec": 4.5,
      "intensity": {
        "cel": 0.003206923371180892,
        "cla": 0.027737760916352272,
        "flu": 0.13754066824913025,
        "gac": 0.3351733982563019,
        "gel": 0.004076315090060234,
        "org": 0.0008956469828262925,
        "pia": 0.026606859639286995,
        "sax": 0.016611410304903984,
        "tru": 0.0029000670183449984,
        "vio": 0.1462852507829666,
        "voi": 0.004195185378193855
      }
    }
  ]
}