{
  "audio_file": "04 Zeca Baleiro - Com Jards Macale-9.wav",
  "segment_duration_sec": 3.0,
  "hop_duration_sec": 1.5,
  "aggregation": "average",
  "smoothing": {
    "method": "moving_average",
    "window": 3
  },
  "threshold": 0.25,
  "classes": [
    "cel",
    "cla",
    "flu",
    "gac",
    "gel",
    "org",
    "pia",
    "sax",
    "tru",
    "vio",
    "voi"
  ],
  "timeline": [
    {
      "time_sec": 0.0,
      "intensity": {
        "cel": 0.00037203432293608785,
        "cla": 0.005412680096924305,
        "flu": 0.007186524569988251,
        "gac": 0.0029697632417082787,
        "gel": 0.0017302122432738543,
        "org": 0.012575577944517136,
        "pia": 0.00786072202026844,
        "sax": 0.014576192945241928,
        "tru": 0.0008349493728019297,
        "vio": 0.00868289079517126,
        "voi": 0.994108259677887
      }
    },
    {
      "time_sec": 1.5,
      "intensity": {
        "cel": 0.0006613825680688024,
        "cla": 0.0017534596845507622,
        "flu": 0.0032363443169742823,
        "gac": 0.0012064609909430146,
        "gel": 0.0064898706041276455,
        "org": 0.0078089358285069466,
        "pia": 0.003923915792256594,
        "sax": 0.015163407661020756,
        "tru": 0.0010782304452732205,
        "vio": 0.016629578545689583,
        "voi": 0.9910542368888855
      }
    }
  ]
}