{
  "audio_file": "04. MIKE OLDFIELD - Argiers-1.wav",
  "segment_duration_sec": 3.0,
  "hop_duration_sec": 1.5,
  "aggregation": "average",
  "smoothing": {
    "method": "moving_average",
    "window": 3
  },
  "threshold": 0.25,
  "classes": [
    "cel",
    "cla",
    "flu",
    "gac",
    "gel",
    "org",
    "pia",
    "sax",
    "tru",
    "vio",
    "voi"
  ],
  "timeline": [
    {
      "time_sec": 0.0,
      "intensity": {
        "cel": 0.016874317079782486,
        "cla": 0.0007268639164976776,
        "flu": 0.17339929938316345,
        "gac": 0.40573418140411377,
        "gel": 0.020055770874023438,
        "org": 0.020868051797151566,
        "pia": 0.017004212364554405,
        "sax": 0.0035206913016736507,
        "tru": 0.0024099303409457207,
        "vio": 0.01613202504813671,
        "voi": 0.06680756062269211
      }
    },
    {
      "time_sec": 1.5,
      "intensity": {
        "cel": 0.02935633808374405,
        "cla": 0.0015742983669042587,
        "flu": 0.19055505096912384,
        "gac": 0.6179386377334595,
        "gel": 0.04066060855984688,
        "org": 0.023643389344215393,
        "pia": 0.02647300250828266,
        "sax": 0.008775788359344006,
        "tru": 0.008040444925427437,
        "vio": 0.03226367011666298,
        "voi": 0.08034641295671463
      }
    },
    {
      "time_sec": 3.0,
      "intensity": {
        "cel": 0.035428453236818314,
        "cla": 0.0017031705938279629,
        "flu": 0.16943606734275818,
        "gac": 0.6634754538536072,
        "gel": 0.040644582360982895,
        "org": 0.01093151792883873,
        "pia": 0.027635181322693825,
        "sax": 0.010410411283373833,
        "tru": 0.007545752916485071,
        "vio": 0.028974920511245728,
        "voi": 0.06835652887821198
      }
    },
    {
      "time_sec": 4.5,
      "intensity": {
        "cel": 0.030339179560542107,
        "cla": 0.0014582452131435275,
        "flu": 0.0658053383231163,
        "gac": 0.46414700150489807,
        "gel": 0.032556064426898956,
        "org": 0.004616052843630314,
        "pia": 0.015929479151964188,
        "sax": 0.009193121455609798,
        "tru": 0.007055698428303003,
        "vio": 0.01921135187149048,
        "voi": 0.02752629667520523
      }
    }
  ]
}