{
  "audio_file": "04. MIKE OLDFIELD - Argiers-2.wav",
  "segment_duration_sec": 3.0,
  "hop_duration_sec": 1.5,
  "aggregation": "average",
  "smoothing": {
    "method": "moving_average",
    "window": 3
  },
  "threshold": 0.25,
  "classes": [
    "cel",
    "cla",
    "flu",
    "gac",
    "gel",
    "org",
    "pia",
    "sax",
    "tru",
    "vio",
    "voi"
  ],
  "timeline": [
    {
      "time_sec": 0.0,
      "intensity": {
        "cel": 0.014062072150409222,
        "cla": 0.0009914038237184286,
        "flu": 0.26082760095596313,
        "gac": 0.6670978665351868,
        "gel": 0.01748325303196907,
        "org": 0.024786964058876038,
        "pia": 0.019919857382774353,
        "sax": 0.005635398440063,
        "tru": 0.0007574676419608295,
        "vio": 0.011730043217539787,
        "voi": 0.07068318128585815
      }
    },
    {
      "time_sec": 1.5,
      "intensity": {
        "cel": 0.009719806723296642,
        "cla": 0.004379008896648884,
        "flu": 0.05556809529662132,
        "gac": 0.6281896829605103,
        "gel": 0.029473885893821716,
        "org": 0.009545093402266502,
        "pia": 0.03505629301071167,
        "sax": 0.016348183155059814,
        "tru": 0.002328199800103903,
        "vio": 0.019082872197031975,
        "voi": 0.14750424027442932
      }
    }
  ]
}