{
  "audio_file": "04.Mira - ANDREW HILL-1.wav",
  "segment_duration_sec": 3.0,
  "hop_duration_sec": 1.5,
  "aggregation": "average",
  "smoothing": {
    "method": "moving_average",
    "window": 3
  },
  "threshold": 0.25,
  "classes": [
    "cel",
    "cla",
    "flu",
    "gac",
    "gel",
    "org",
    "pia",
    "sax",
    "tru",
    "vio",
    "voi"
  ],
  "timeline": [
    {
      "time_sec": 0.0,
      "intensity": {
        "cel": 0.0018314996268600225,
        "cla": 0.013402460142970085,
        "flu": 6.387468602042645e-05,
        "gac": 0.09933381527662277,
        "gel": 0.010328900068998337,
        "org": 0.0006439391290768981,
        "pia": 0.7939987778663635,
        "sax": 0.11340158432722092,
        "tru": 0.06347718089818954,
        "vio": 0.0013821185566484928,
        "voi": 0.00019676769443321973
      }
    },
    {
      "time_sec": 1.5,
      "intensity": {
        "cel": 0.0037796576507389545,
        "cla": 0.008496149443089962,
        "flu": 0.0006896762643009424,
        "gac": 0.22442816197872162,
        "gel": 0.02772832103073597,
        "org": 0.0026884085964411497,
        "pia": 0.5799380540847778,
        "sax": 0.04830876365303993,
        "tru": 0.033121492713689804,
        "vio": 0.004686148837208748,
        "voi": 0.0007097120396792889
      }
    }
  ]
}