{
  "audio_file": "05 - Bobbi Humphrey - You Are The Sunshine of My Life-10.wav",
  "segment_duration_sec": 3.0,
  "hop_duration_sec": 1.5,
  "aggregation": "average",
  "smoothing": {
    "method": "moving_average",
    "window": 3
  },
  "threshold": 0.25,
  "classes": [
    "cel",
    "cla",
    "flu",
    "gac",
    "gel",
    "org",
    "pia",
    "sax",
    "tru",
    "vio",
    "voi"
  ],
  "timeline": [
    {
      "time_sec": 0.0,
      "intensity": {
        "cel": 0.011368769221007824,
        "cla": 0.013956231996417046,
        "flu": 0.14978739619255066,
        "gac": 0.010410022921860218,
        "gel": 0.025910058990120888,
        "org": 0.02878536842763424,
        "pia": 0.019992701709270477,
        "sax": 0.03954770043492317,
        "tru": 0.009521154686808586,
        "vio": 0.15853731334209442,
        "voi": 0.0040991054847836494
      }
    },
    {
      "time_sec": 1.5,
      "intensity": {
        "cel": 0.03588143736124039,
        "cla": 0.027264073491096497,
        "flu": 0.25322645902633667,
        "gac": 0.01133640669286251,
        "gel": 0.03912893682718277,
        "org": 0.04488140344619751,
        "pia": 0.022373724728822708,
        "sax": 0.04769035056233406,
        "tru": 0.010990779846906662,
        "vio": 0.18600653111934662,
        "voi": 0.004913292825222015
      }
    },
    {
      "time_sec": 3.0,
      "intensity": {
        "cel": 0.029817381873726845,
        "cla": 0.02038167230784893,
        "flu": 0.20830519497394562,
        "gac": 0.002975444309413433,
        "gel": 0.02487131953239441,
        "org": 0.027352826669812202,
        "pia": 0.008929964154958725,
        "sax": 0.024750269949436188,
        "tru": 0.005878230091184378,
        "vio": 0.1278134286403656,
        "voi": 0.0027457030955702066
      }
    }
  ]
}