{
  "audio_file": "05 - Gidon Kremer - Violin Concerto No. 5 In A Major, K. 219- Adagio - Gidon Kremer-1.wav",
  "segment_duration_sec": 3.0,
  "hop_duration_sec": 1.5,
  "aggregation": "average",
  "smoothing": {
    "method": "moving_average",
    "window": 3
  },
  "threshold": 0.25,
  "classes": [
    "cel",
    "cla",
    "flu",
    "gac",
    "gel",
    "org",
    "pia",
    "sax",
    "tru",
    "vio",
    "voi"
  ],
  "timeline": [
    {
      "time_sec": 0.0,
      "intensity": {
        "cel": 0.10207422077655792,
        "cla": 0.02982262708246708,
        "flu": 0.07393036037683487,
        "gac": 0.0022450683172792196,
        "gel": 0.009072553366422653,
        "org": 0.0013770150253549218,
        "pia": 0.0011271469993516803,
        "sax": 0.03732210770249367,
        "tru": 0.024692509323358536,
        "vio": 0.15054063498973846,
        "voi": 0.012565385550260544
      }
    },
    {
      "time_sec": 1.5,
      "intensity": {
        "cel": 0.058650776743888855,
        "cla": 0.007604091428220272,
        "flu": 0.09862055629491806,
        "gac": 0.000705974583979696,
        "gel": 0.012170875445008278,
        "org": 0.0021568872034549713,
        "pia": 0.0012505061458796263,
        "sax": 0.049274999648332596,
        "tru": 0.06904178857803345,
        "vio": 0.37662968039512634,
        "voi": 0.007989933714270592
      }
    }
  ]
}