{
  "audio_file": "05 achron - hebrew melody-10.wav",
  "segment_duration_sec": 3.0,
  "hop_duration_sec": 1.5,
  "aggregation": "average",
  "smoothing": {
    "method": "moving_average",
    "window": 3
  },
  "threshold": 0.25,
  "classes": [
    "cel",
    "cla",
    "flu",
    "gac",
    "gel",
    "org",
    "pia",
    "sax",
    "tru",
    "vio",
    "voi"
  ],
  "timeline": [
    {
      "time_sec": 0.0,
      "intensity": {
        "cel": 0.0648873895406723,
        "cla": 0.004768704529851675,
        "flu": 0.005337664391845465,
        "gac": 0.012178841046988964,
        "gel": 0.005794560071080923,
        "org": 0.004919004160910845,
        "pia": 0.612147331237793,
        "sax": 0.02176419086754322,
        "tru": 0.004366102162748575,
        "vio": 0.006275305058807135,
        "voi": 0.0011738556204363704
      }
    },
    {
      "time_sec": 1.5,
      "intensity": {
        "cel": 0.06627597659826279,
        "cla": 0.008599982596933842,
        "flu": 0.005766218528151512,
        "gac": 0.014251152984797955,
        "gel": 0.0066773733124136925,
        "org": 0.0054367585107684135,
        "pia": 0.9440761208534241,
        "sax": 0.027206219732761383,
        "tru": 0.006339557934552431,
        "vio": 0.00816019531339407,
        "voi": 0.001321373856626451
      }
    },
    {
      "time_sec": 3.0,
      "intensity": {
        "cel": 0.018728084862232208,
        "cla": 0.009099583141505718,
        "flu": 0.0019636612851172686,
        "gac": 0.007264584768563509,
        "gel": 0.005666257813572884,
        "org": 0.0021958393044769764,
        "pia": 0.9869629144668579,
        "sax": 0.019342510029673576,
        "tru": 0.007758535444736481,
        "vio": 0.010510118678212166,
        "voi": 0.0006651809089817107
      }
    },
    {
      "time_sec": 4.5,
      "intensity": {
        "cel": 0.007989640347659588,
        "cla": 0.007155812811106443,
        "flu": 0.0012163319624960423,
        "gac": 0.0037527570966631174,
        "gel": 0.0017680347664281726,
        "org": 0.001359372865408659,
        "pia": 0.6602936387062073,
        "sax": 0.009624263271689415,
        "tru": 0.004920651204884052,
        "vio": 0.008675100281834602,
        "voi": 0.0004527163691818714
      }
    }
  ]
}