{
  "audio_file": "05 achron - hebrew melody-14.wav",
  "segment_duration_sec": 3.0,
  "hop_duration_sec": 1.5,
  "aggregation": "average",
  "smoothing": {
    "method": "moving_average",
    "window": 3
  },
  "threshold": 0.25,
  "classes": [
    "cel",
    "cla",
    "flu",
    "gac",
    "gel",
    "org",
    "pia",
    "sax",
    "tru",
    "vio",
    "voi"
  ],
  "timeline": [
    {
      "time_sec": 0.0,
      "intensity": {
        "cel": 0.020364627242088318,
        "cla": 0.02139165997505188,
        "flu": 0.0013499967753887177,
        "gac": 0.059981025755405426,
        "gel": 0.014247557148337364,
        "org": 0.013495292514562607,
        "pia": 0.8623647689819336,
        "sax": 0.09456612169742584,
        "tru": 0.004551850724965334,
        "vio": 0.005133181344717741,
        "voi": 0.003807601984590292
      }
    },
    {
      "time_sec": 1.5,
      "intensity": {
        "cel": 0.018071144819259644,
        "cla": 0.008975875563919544,
        "flu": 0.013125309720635414,
        "gac": 0.0845985934138298,
        "gel": 0.04664665088057518,
        "org": 0.02319827675819397,
        "pia": 0.8230676054954529,
        "sax": 0.04864954948425293,
        "tru": 0.003027980448678136,
        "vio": 0.003829159075394273,
        "voi": 0.005944920238107443
      }
    }
  ]
}