{
  "audio_file": "05 achron - hebrew melody-21.wav",
  "segment_duration_sec": 3.0,
  "hop_duration_sec": 1.5,
  "aggregation": "average",
  "smoothing": {
    "method": "moving_average",
    "window": 3
  },
  "threshold": 0.25,
  "classes": [
    "cel",
    "cla",
    "flu",
    "gac",
    "gel",
    "org",
    "pia",
    "sax",
    "tru",
    "vio",
    "voi"
  ],
  "timeline": [
    {
      "time_sec": 0.0,
      "intensity": {
        "cel": 0.9808593392372131,
        "cla": 7.508993439842016e-05,
        "flu": 0.0019588377326726913,
        "gac": 0.0012722847750410438,
        "gel": 0.021889353170990944,
        "org": 6.753264460712671e-05,
        "pia": 0.002014487748965621,
        "sax": 0.012670345604419708,
        "tru": 0.000747906044125557,
        "vio": 0.5608892440795898,
        "voi": 0.0044901506043970585
      }
    },
    {
      "time_sec": 1.5,
      "intensity": {
        "cel": 0.7351076006889343,
        "cla": 0.00017907802248373628,
        "flu": 0.007791318465024233,
        "gac": 0.003150393720716238,
        "gel": 0.059733472764492035,
        "org": 7.494650344597176e-05,
        "pia": 0.0025010902900248766,
        "sax": 0.021302348002791405,
        "tru": 0.0016660926630720496,
        "vio": 0.927186131477356,
        "voi": 0.01839505322277546
      }
    }
  ]
}