{
  "audio_file": "05 Mendelssohn - Piano Concerto No. 2 - II. Adagio (molto sostenuto)-23.wav",
  "segment_duration_sec": 3.0,
  "hop_duration_sec": 1.5,
  "aggregation": "average",
  "smoothing": {
    "method": "moving_average",
    "window": 3
  },
  "threshold": 0.25,
  "classes": [
    "cel",
    "cla",
    "flu",
    "gac",
    "gel",
    "org",
    "pia",
    "sax",
    "tru",
    "vio",
    "voi"
  ],
  "timeline": [
    {
      "time_sec": 0.0,
      "intensity": {
        "cel": 0.006533239036798477,
        "cla": 0.07228069007396698,
        "flu": 0.12635108828544617,
        "gac": 0.0006305758142843843,
        "gel": 0.007701760623604059,
        "org": 0.009499398991465569,
        "pia": 0.0005108841578476131,
        "sax": 0.04358720779418945,
        "tru": 0.08597995340824127,
        "vio": 0.0654478371143341,
        "voi": 0.012631350196897984
      }
    },
    {
      "time_sec": 1.5,
      "intensity": {
        "cel": 0.008212131448090076,
        "cla": 0.16857129335403442,
        "flu": 0.14622509479522705,
        "gac": 0.0011931522749364376,
        "gel": 0.014073125086724758,
        "org": 0.017418351024389267,
        "pia": 0.0014003193937242031,
        "sax": 0.07451137155294418,
        "tru": 0.14595173299312592,
        "vio": 0.09604132175445557,
        "voi": 0.014307189732789993
      }
    },
    {
      "time_sec": 3.0,
      "intensity": {
        "cel": 0.003325197845697403,
        "cla": 0.15672680735588074,
        "flu": 0.08917061239480972,
        "gac": 0.0009451723308302462,
        "gel": 0.009221773594617844,
        "org": 0.012024146504700184,
        "pia": 0.001194677548483014,
        "sax": 0.06334911286830902,
        "tru": 0.08666367828845978,
        "vio": 0.07264167070388794,
        "voi": 0.00699629308655858
      }
    }
  ]
}