{
  "audio_file": "05-antonio_orozco-hoy_todo_va_al_reves_(con_toteking)-nyd-2.wav",
  "segment_duration_sec": 3.0,
  "hop_duration_sec": 1.5,
  "aggregation": "average",
  "smoothing": {
    "method": "moving_average",
    "window": 3
  },
  "threshold": 0.25,
  "classes": [
    "cel",
    "cla",
    "flu",
    "gac",
    "gel",
    "org",
    "pia",
    "sax",
    "tru",
    "vio",
    "voi"
  ],
  "timeline": [
    {
      "time_sec": 0.0,
      "intensity": {
        "cel": 0.012302740477025509,
        "cla": 0.028581490740180016,
        "flu": 0.007840744219720364,
        "gac": 0.4232848882675171,
        "gel": 0.10540082305669785,
        "org": 0.012214550748467445,
        "pia": 0.025418592616915703,
        "sax": 0.015472661703824997,
        "tru": 0.0031213685870170593,
        "vio": 0.01652022823691368,
        "voi": 0.019466718658804893
      }
    },
    {
      "time_sec": 1.5,
      "intensity": {
        "cel": 0.01753982901573181,
        "cla": 0.0713980495929718,
        "flu": 0.009257900528609753,
        "gac": 0.5159606337547302,
        "gel": 0.1409415900707245,
        "org": 0.02090674638748169,
        "pia": 0.03436845541000366,
        "sax": 0.030185723677277565,
        "tru": 0.010004907846450806,
        "vio": 0.02043244242668152,
        "voi": 0.0356694757938385
      }
    },
    {
      "time_sec": 3.0,
      "intensity": {
        "cel": 0.015588882379233837,
        "cla": 0.11682254076004028,
        "flu": 0.0027688026893883944,
        "gac": 0.4765848219394684,
        "gel": 0.15031278133392334,
        "org": 0.03938836604356766,
        "pia": 0.035753168165683746,
        "sax": 0.037339359521865845,
        "tru": 0.012073897756636143,
        "vio": 0.01509143691509962,
        "voi": 0.027326077222824097
      }
    },
    {
      "time_sec": 4.5,
      "intensity": {
        "cel": 0.01025070995092392,
        "cla": 0.10003587603569031,
        "flu": 0.0020788758993148804,
        "gac": 0.29950547218322754,
        "gel": 0.06961838155984879,
        "org": 0.028395162895321846,
        "pia": 0.02367335744202137,
        "sax": 0.02584407851099968,
        "tru": 0.009172121994197369,
        "vio": 0.010717328637838364,
        "voi": 0.02122792974114418
      }
    }
  ]
}