{
  "audio_file": "05-Come Away With Me-12.wav",
  "segment_duration_sec": 3.0,
  "hop_duration_sec": 1.5,
  "aggregation": "average",
  "smoothing": {
    "method": "moving_average",
    "window": 3
  },
  "threshold": 0.25,
  "classes": [
    "cel",
    "cla",
    "flu",
    "gac",
    "gel",
    "org",
    "pia",
    "sax",
    "tru",
    "vio",
    "voi"
  ],
  "timeline": [
    {
      "time_sec": 0.0,
      "intensity": {
        "cel": 0.023370658978819847,
        "cla": 0.005948731210082769,
        "flu": 0.0235451627522707,
        "gac": 0.004017320927232504,
        "gel": 0.06761564314365387,
        "org": 0.027011586353182793,
        "pia": 0.14305517077445984,
        "sax": 0.06859903782606125,
        "tru": 0.025538433343172073,
        "vio": 0.010625745169818401,
        "voi": 0.04913927987217903
      }
    },
    {
      "time_sec": 1.5,
      "intensity": {
        "cel": 0.1645481288433075,
        "cla": 0.00724766356870532,
        "flu": 0.03344747796654701,
        "gac": 0.00862341932952404,
        "gel": 0.10588642954826355,
        "org": 0.03366436809301376,
        "pia": 0.18379488587379456,
        "sax": 0.07980072498321533,
        "tru": 0.02864008955657482,
        "vio": 0.021000228822231293,
        "voi": 0.05323003605008125
      }
    },
    {
      "time_sec": 3.0,
      "intensity": {
        "cel": 0.27851802110671997,
        "cla": 0.008176113478839397,
        "flu": 0.024052733555436134,
        "gac": 0.01669297181069851,
        "gel": 0.10110644996166229,
        "org": 0.030864421278238297,
        "pia": 0.12075746059417725,
        "sax": 0.05104261636734009,
        "tru": 0.024994492530822754,
        "vio": 0.021852480247616768,
        "voi": 0.038367900997400284
      }
    },
    {
      "time_sec": 4.5,
      "intensity": {
        "cel": 0.2643490433692932,
        "cla": 0.004539020825177431,
        "flu": 0.021065104752779007,
        "gac": 0.01380824763327837,
        "gel": 0.06905847787857056,
        "org": 0.010870487429201603,
        "pia": 0.084635429084301,
        "sax": 0.022336402907967567,
        "tru": 0.005981424357742071,
        "vio": 0.01439731102436781,
        "voi": 0.006612583063542843
      }
    }
  ]
}