{
  "audio_file": "05-Come Away With Me-1.wav",
  "segment_duration_sec": 3.0,
  "hop_duration_sec": 1.5,
  "aggregation": "average",
  "smoothing": {
    "method": "moving_average",
    "window": 3
  },
  "threshold": 0.25,
  "classes": [
    "cel",
    "cla",
    "flu",
    "gac",
    "gel",
    "org",
    "pia",
    "sax",
    "tru",
    "vio",
    "voi"
  ],
  "timeline": [
    {
      "time_sec": 0.0,
      "intensity": {
        "cel": 0.00594114838168025,
        "cla": 0.015420353040099144,
        "flu": 0.06319822371006012,
        "gac": 0.0049501098692417145,
        "gel": 0.15986600518226624,
        "org": 0.04417145997285843,
        "pia": 0.08878598362207413,
        "sax": 0.045063357800245285,
        "tru": 0.01584768295288086,
        "vio": 0.0036561372689902782,
        "voi": 0.029708238318562508
      }
    },
    {
      "time_sec": 1.5,
      "intensity": {
        "cel": 0.00888214074075222,
        "cla": 0.016320176422595978,
        "flu": 0.0848955437541008,
        "gac": 0.0075607867911458015,
        "gel": 0.24368619918823242,
        "org": 0.11589670181274414,
        "pia": 0.10519338399171829,
        "sax": 0.05126291513442993,
        "tru": 0.021267494186758995,
        "vio": 0.005765681620687246,
        "voi": 0.05525175482034683
      }
    },
    {
      "time_sec": 3.0,
      "intensity": {
        "cel": 0.01064190175384283,
        "cla": 0.008402382954955101,
        "flu": 0.07931610941886902,
        "gac": 0.008870359510183334,
        "gel": 0.25917837023735046,
        "org": 0.16809895634651184,
        "pia": 0.048824913799762726,
        "sax": 0.02840934321284294,
        "tru": 0.024836622178554535,
        "vio": 0.005828291177749634,
        "voi": 0.0574243925511837
      }
    },
    {
      "time_sec": 4.5,
      "intensity": {
        "cel": 0.006246726959943771,
        "cla": 0.0026019408833235502,
        "flu": 0.04320411756634712,
        "gac": 0.006907306611537933,
        "gel": 0.19444461166858673,
        "org": 0.14304600656032562,
        "pia": 0.02452826127409935,
        "sax": 0.012448632158339024,
        "tru": 0.015153899788856506,
        "vio": 0.00412969384342432,
        "voi": 0.034623850136995316
      }
    }
  ]
}