{
  "audio_file": "06 - the human league - reproduction - empire state human-4.wav",
  "segment_duration_sec": 3.0,
  "hop_duration_sec": 1.5,
  "aggregation": "average",
  "smoothing": {
    "method": "moving_average",
    "window": 3
  },
  "threshold": 0.25,
  "classes": [
    "cel",
    "cla",
    "flu",
    "gac",
    "gel",
    "org",
    "pia",
    "sax",
    "tru",
    "vio",
    "voi"
  ],
  "timeline": [
    {
      "time_sec": 0.0,
      "intensity": {
        "cel": 0.004134890623390675,
        "cla": 0.02509448304772377,
        "flu": 0.008577318862080574,
        "gac": 0.007048393599689007,
        "gel": 0.026263384148478508,
        "org": 0.022547127678990364,
        "pia": 0.00439538573846221,
        "sax": 0.027082540094852448,
        "tru": 0.01243655662983656,
        "vio": 0.03340586647391319,
        "voi": 0.9231420755386353
      }
    },
    {
      "time_sec": 1.5,
      "intensity": {
        "cel": 0.008070605807006359,
        "cla": 0.07440602034330368,
        "flu": 0.005253291688859463,
        "gac": 0.015956148505210876,
        "gel": 0.10419494658708572,
        "org": 0.10973864048719406,
        "pia": 0.015704268589615822,
        "sax": 0.11046691238880157,
        "tru": 0.027189895510673523,
        "vio": 0.03828500211238861,
        "voi": 0.25228339433670044
      }
    }
  ]
}