{
  "audio_file": "06 - New Noise-18.wav",
  "segment_duration_sec": 3.0,
  "hop_duration_sec": 1.5,
  "aggregation": "average",
  "smoothing": {
    "method": "moving_average",
    "window": 3
  },
  "threshold": 0.25,
  "classes": [
    "cel",
    "cla",
    "flu",
    "gac",
    "gel",
    "org",
    "pia",
    "sax",
    "tru",
    "vio",
    "voi"
  ],
  "timeline": [
    {
      "time_sec": 0.0,
      "intensity": {
        "cel": 0.08323295414447784,
        "cla": 0.0009990406688302755,
        "flu": 0.0013763019815087318,
        "gac": 0.005474052391946316,
        "gel": 0.5640003681182861,
        "org": 0.0008255595457740128,
        "pia": 0.008828493766486645,
        "sax": 0.024422548711299896,
        "tru": 0.005539296194911003,
        "vio": 0.08310993760824203,
        "voi": 0.12830793857574463
      }
    },
    {
      "time_sec": 1.5,
      "intensity": {
        "cel": 0.09029728174209595,
        "cla": 0.004095625597983599,
        "flu": 0.0016227597370743752,
        "gac": 0.006023709662258625,
        "gel": 0.8052429556846619,
        "org": 0.0011299739126116037,
        "pia": 0.011200226843357086,
        "sax": 0.07258964329957962,
        "tru": 0.008815329521894455,
        "vio": 0.10547091066837311,
        "voi": 0.15651559829711914
      }
    },
    {
      "time_sec": 3.0,
      "intensity": {
        "cel": 0.08963048458099365,
        "cla": 0.007283689454197884,
        "flu": 0.00104994117282331,
        "gac": 0.0050582573749125,
        "gel": 0.7880618572235107,
        "org": 0.0016435422003269196,
        "pia": 0.015130938030779362,
        "sax": 0.11985579878091812,
        "tru": 0.010102884843945503,
        "vio": 0.10173860192298889,
        "voi": 0.04163452610373497
      }
    },
    {
      "time_sec": 4.5,
      "intensity": {
        "cel": 0.009634590707719326,
        "cla": 0.006580824498087168,
        "flu": 0.00043879871373064816,
        "gac": 0.003129387740045786,
        "gel": 0.5148308873176575,
        "org": 0.00117482990026474,
        "pia": 0.010245459154248238,
        "sax": 0.0990455150604248,
        "tru": 0.008393806405365467,
        "vio": 0.03640695661306381,
        "voi": 0.039648450911045074
      }
    }
  ]
}