{
  "audio_file": "06 - The partisan-7.wav",
  "segment_duration_sec": 3.0,
  "hop_duration_sec": 1.5,
  "aggregation": "average",
  "smoothing": {
    "method": "moving_average",
    "window": 3
  },
  "threshold": 0.25,
  "classes": [
    "cel",
    "cla",
    "flu",
    "gac",
    "gel",
    "org",
    "pia",
    "sax",
    "tru",
    "vio",
    "voi"
  ],
  "timeline": [
    {
      "time_sec": 0.0,
      "intensity": {
        "cel": 0.1422136127948761,
        "cla": 0.007038339041173458,
        "flu": 0.2002367228269577,
        "gac": 0.9525722861289978,
        "gel": 0.01974264718592167,
        "org": 0.0004459463816601783,
        "pia": 0.004606111906468868,
        "sax": 0.008972185663878918,
        "tru": 0.0011554884258657694,
        "vio": 0.020898425951600075,
        "voi": 0.03917517513036728
      }
    },
    {
      "time_sec": 1.5,
      "intensity": {
        "cel": 0.3071238398551941,
        "cla": 0.0033915149979293346,
        "flu": 0.017822885885834694,
        "gac": 0.8773772120475769,
        "gel": 0.03018573299050331,
        "org": 6.031485827406868e-05,
        "pia": 0.026482997462153435,
        "sax": 0.013245505280792713,
        "tru": 0.0006090744864195585,
        "vio": 0.024043356999754906,
        "voi": 0.0009960599709302187
      }
    }
  ]
}