{
  "audio_file": "06 - The partisan-5.wav",
  "segment_duration_sec": 3.0,
  "hop_duration_sec": 1.5,
  "aggregation": "average",
  "smoothing": {
    "method": "moving_average",
    "window": 3
  },
  "threshold": 0.25,
  "classes": [
    "cel",
    "cla",
    "flu",
    "gac",
    "gel",
    "org",
    "pia",
    "sax",
    "tru",
    "vio",
    "voi"
  ],
  "timeline": [
    {
      "time_sec": 0.0,
      "intensity": {
        "cel": 0.2571161389350891,
        "cla": 0.00610809912905097,
        "flu": 0.09062846004962921,
        "gac": 0.7018727660179138,
        "gel": 0.009090619161725044,
        "org": 0.0013530377764254808,
        "pia": 0.04723776504397392,
        "sax": 0.014820560812950134,
        "tru": 0.0005122346919961274,
        "vio": 0.0673738420009613,
        "voi": 0.02843608520925045
      }
    },
    {
      "time_sec": 1.5,
      "intensity": {
        "cel": 0.19264040887355804,
        "cla": 0.005747559480369091,
        "flu": 0.05397375673055649,
        "gac": 0.8287994265556335,
        "gel": 0.023288358002901077,
        "org": 0.0007575622294098139,
        "pia": 0.08413118124008179,
        "sax": 0.008199352771043777,
        "tru": 0.00044633663492277265,
        "vio": 0.06410174816846848,
        "voi": 0.0041504609398543835
      }
    }
  ]
}