{
  "audio_file": "06 - The partisan-2.wav",
  "segment_duration_sec": 3.0,
  "hop_duration_sec": 1.5,
  "aggregation": "average",
  "smoothing": {
    "method": "moving_average",
    "window": 3
  },
  "threshold": 0.25,
  "classes": [
    "cel",
    "cla",
    "flu",
    "gac",
    "gel",
    "org",
    "pia",
    "sax",
    "tru",
    "vio",
    "voi"
  ],
  "timeline": [
    {
      "time_sec": 0.0,
      "intensity": {
        "cel": 0.002145711099728942,
        "cla": 0.01005700882524252,
        "flu": 0.014689335599541664,
        "gac": 0.0574302151799202,
        "gel": 0.0016365478513762355,
        "org": 0.002169571351259947,
        "pia": 0.0009576140437275171,
        "sax": 0.014049873687326908,
        "tru": 0.0010125321568921208,
        "vio": 0.01216968521475792,
        "voi": 0.6633772850036621
      }
    },
    {
      "time_sec": 1.5,
      "intensity": {
        "cel": 0.003692470258101821,
        "cla": 0.014469288289546967,
        "flu": 0.0375831164419651,
        "gac": 0.12581534683704376,
        "gel": 0.007552353665232658,
        "org": 0.003584960475564003,
        "pia": 0.001410775468684733,
        "sax": 0.01740849018096924,
        "tru": 0.0027670259587466717,
        "vio": 0.02027679979801178,
        "voi": 0.975486695766449
      }
    },
    {
      "time_sec": 3.0,
      "intensity": {
        "cel": 0.023745831102132797,
        "cla": 0.012485827319324017,
        "flu": 0.035215526819229126,
        "gac": 0.1408054530620575,
        "gel": 0.01164481695741415,
        "org": 0.00357882771641016,
        "pia": 0.0013385560596361756,
        "sax": 0.03951478749513626,
        "tru": 0.010015756823122501,
        "vio": 0.01653740368783474,
        "voi": 0.8487152457237244
      }
    },
    {
      "time_sec": 4.5,
      "intensity": {
        "cel": 0.022748423740267754,
        "cla": 0.0071439617313444614,
        "flu": 0.026227885857224464,
        "gac": 0.09461355954408646,
        "gel": 0.010360968299210072,
        "org": 0.003060643095523119,
        "pia": 0.0006014097016304731,
        "sax": 0.03304654359817505,
        "tru": 0.009304110892117023,
        "vio": 0.012183168902993202,
        "voi": 0.5176122784614563
      }
    }
  ]
}