{
  "audio_file": "06 - New Noise-16.wav",
  "segment_duration_sec": 3.0,
  "hop_duration_sec": 1.5,
  "aggregation": "average",
  "smoothing": {
    "method": "moving_average",
    "window": 3
  },
  "threshold": 0.25,
  "classes": [
    "cel",
    "cla",
    "flu",
    "gac",
    "gel",
    "org",
    "pia",
    "sax",
    "tru",
    "vio",
    "voi"
  ],
  "timeline": [
    {
      "time_sec": 0.0,
      "intensity": {
        "cel": 0.12810774147510529,
        "cla": 0.006130000576376915,
        "flu": 0.015767257660627365,
        "gac": 0.0008541487040929496,
        "gel": 0.07805672287940979,
        "org": 0.019112156704068184,
        "pia": 0.002701582619920373,
        "sax": 0.00992161501199007,
        "tru": 0.013921555131673813,
        "vio": 0.11107078939676285,
        "voi": 0.019309034571051598
      }
    },
    {
      "time_sec": 1.5,
      "intensity": {
        "cel": 0.1294170469045639,
        "cla": 0.006728251930326223,
        "flu": 0.016519220545887947,
        "gac": 0.0014978045364841819,
        "gel": 0.09873045980930328,
        "org": 0.019601382315158844,
        "pia": 0.00315894209779799,
        "sax": 0.014618592336773872,
        "tru": 0.014672134071588516,
        "vio": 0.13585150241851807,
        "voi": 0.3503285348415375
      }
    },
    {
      "time_sec": 3.0,
      "intensity": {
        "cel": 0.05149311199784279,
        "cla": 0.006091057788580656,
        "flu": 0.01085247565060854,
        "gac": 0.0018992230761796236,
        "gel": 0.10216329246759415,
        "org": 0.011031453497707844,
        "pia": 0.0021683371160179377,
        "sax": 0.015575109981000423,
        "tru": 0.005285222548991442,
        "vio": 0.05348053574562073,
        "voi": 0.6784884333610535
      }
    },
    {
      "time_sec": 4.5,
      "intensity": {
        "cel": 0.0020110926125198603,
        "cla": 0.00151129683945328,
        "flu": 0.0010093445889651775,
        "gac": 0.0013201961992308497,
        "gel": 0.048383425921201706,
        "org": 0.003365565789863467,
        "pia": 0.0006965921493247151,
        "sax": 0.008999473415315151,
        "tru": 0.0014238780131563544,
        "vio": 0.04062448441982269,
        "voi": 0.6606234908103943
      }
    }
  ]
}