{
  "audio_file": "06 - The partisan-12.wav",
  "segment_duration_sec": 3.0,
  "hop_duration_sec": 1.5,
  "aggregation": "average",
  "smoothing": {
    "method": "moving_average",
    "window": 3
  },
  "threshold": 0.25,
  "classes": [
    "cel",
    "cla",
    "flu",
    "gac",
    "gel",
    "org",
    "pia",
    "sax",
    "tru",
    "vio",
    "voi"
  ],
  "timeline": [
    {
      "time_sec": 0.0,
      "intensity": {
        "cel": 0.40140825510025024,
        "cla": 0.004680273588746786,
        "flu": 0.045917052775621414,
        "gac": 0.8920708894729614,
        "gel": 0.01383234467357397,
        "org": 0.00021816734806634486,
        "pia": 0.032536596059799194,
        "sax": 0.015971161425113678,
        "tru": 0.0007071233121678233,
        "vio": 0.021916013211011887,
        "voi": 0.002233844716101885
      }
    },
    {
      "time_sec": 1.5,
      "intensity": {
        "cel": 0.11599551886320114,
        "cla": 0.006991853471845388,
        "flu": 0.04138468578457832,
        "gac": 0.9469193816184998,
        "gel": 0.026720663532614708,
        "org": 9.5293355116155e-05,
        "pia": 0.09313346445560455,
        "sax": 0.0058862678706645966,
        "tru": 7.348656799877062e-05,
        "vio": 0.008011001162230968,
        "voi": 0.00040617946069687605
      }
    }
  ]
}