{
  "audio_file": "06 - New Noise-19.wav",
  "segment_duration_sec": 3.0,
  "hop_duration_sec": 1.5,
  "aggregation": "average",
  "smoothing": {
    "method": "moving_average",
    "window": 3
  },
  "threshold": 0.25,
  "classes": [
    "cel",
    "cla",
    "flu",
    "gac",
    "gel",
    "org",
    "pia",
    "sax",
    "tru",
    "vio",
    "voi"
  ],
  "timeline": [
    {
      "time_sec": 0.0,
      "intensity": {
        "cel": 0.05412314459681511,
        "cla": 0.016823463141918182,
        "flu": 0.002130217617377639,
        "gac": 0.0037056482397019863,
        "gel": 0.5504564046859741,
        "org": 0.19304049015045166,
        "pia": 0.011057671159505844,
        "sax": 0.02592763863503933,
        "tru": 0.037412531673908234,
        "vio": 0.007710100617259741,
        "voi": 0.022102028131484985
      }
    },
    {
      "time_sec": 1.5,
      "intensity": {
        "cel": 0.07304057478904724,
        "cla": 0.019450495019555092,
        "flu": 0.002480738563463092,
        "gac": 0.004155868664383888,
        "gel": 0.854987621307373,
        "org": 0.26272672414779663,
        "pia": 0.015886390581727028,
        "sax": 0.039765141904354095,
        "tru": 0.06126075237989426,
        "vio": 0.009594691917300224,
        "voi": 0.036876700818538666
      }
    },
    {
      "time_sec": 3.0,
      "intensity": {
        "cel": 0.05973096564412117,
        "cla": 0.01644338294863701,
        "flu": 0.002091985195875168,
        "gac": 0.0035815443843603134,
        "gel": 0.9082061052322388,
        "org": 0.283662348985672,
        "pia": 0.01857120171189308,
        "sax": 0.042323946952819824,
        "tru": 0.06112277880311012,
        "vio": 0.007847095839679241,
        "voi": 0.03594003990292549
      }
    },
    {
      "time_sec": 4.5,
      "intensity": {
        "cel": 0.0390680693089962,
        "cla": 0.00694573437795043,
        "flu": 0.0010221073171123862,
        "gac": 0.0023595767561346292,
        "gel": 0.6044832468032837,
        "org": 0.143252432346344,
        "pia": 0.010350748896598816,
        "sax": 0.026267604902386665,
        "tru": 0.037162888795137405,
        "vio": 0.004844052251428366,
        "voi": 0.02601739764213562
      }
    }
  ]
}