{
  "audio_file": "06 - Lali Puna - Faking the Books-14.wav",
  "segment_duration_sec": 3.0,
  "hop_duration_sec": 1.5,
  "aggregation": "average",
  "smoothing": {
    "method": "moving_average",
    "window": 3
  },
  "threshold": 0.25,
  "classes": [
    "cel",
    "cla",
    "flu",
    "gac",
    "gel",
    "org",
    "pia",
    "sax",
    "tru",
    "vio",
    "voi"
  ],
  "timeline": [
    {
      "time_sec": 0.0,
      "intensity": {
        "cel": 0.005740881431847811,
        "cla": 0.012353289872407913,
        "flu": 4.195722067379393e-05,
        "gac": 0.0021487833000719547,
        "gel": 0.0032870841678231955,
        "org": 0.00408428767696023,
        "pia": 0.0428750179708004,
        "sax": 0.2930111289024353,
        "tru": 0.4064527451992035,
        "vio": 0.010782522149384022,
        "voi": 0.0010305785108357668
      }
    },
    {
      "time_sec": 1.5,
      "intensity": {
        "cel": 0.03728653863072395,
        "cla": 0.013260280713438988,
        "flu": 0.00109313172288239,
        "gac": 0.004325950052589178,
        "gel": 0.003914587199687958,
        "org": 0.005427083466202021,
        "pia": 0.1050792932510376,
        "sax": 0.3398909568786621,
        "tru": 0.6030043363571167,
        "vio": 0.011898339726030827,
        "voi": 0.0024904506281018257
      }
    },
    {
      "time_sec": 3.0,
      "intensity": {
        "cel": 0.034724730998277664,
        "cla": 0.008639258332550526,
        "flu": 0.0010859062895178795,
        "gac": 0.004211997613310814,
        "gel": 0.003152541583403945,
        "org": 0.005001628305763006,
        "pia": 0.07847326248884201,
        "sax": 0.13659359514713287,
        "tru": 0.4628430902957916,
        "vio": 0.0055955545976758,
        "voi": 0.0022588856518268585
      }
    }
  ]
}