{
  "audio_file": "06 - The partisan-6.wav",
  "segment_duration_sec": 3.0,
  "hop_duration_sec": 1.5,
  "aggregation": "average",
  "smoothing": {
    "method": "moving_average",
    "window": 3
  },
  "threshold": 0.25,
  "classes": [
    "cel",
    "cla",
    "flu",
    "gac",
    "gel",
    "org",
    "pia",
    "sax",
    "tru",
    "vio",
    "voi"
  ],
  "timeline": [
    {
      "time_sec": 0.0,
      "intensity": {
        "cel": 0.0028259316459298134,
        "cla": 0.002268836833536625,
        "flu": 0.0080731101334095,
        "gac": 0.07591353356838226,
        "gel": 0.00550064304843545,
        "org": 0.0022353464737534523,
        "pia": 0.000710054358933121,
        "sax": 0.007850942201912403,
        "tru": 0.0017472273902967572,
        "vio": 0.005290861241519451,
        "voi": 0.6359466910362244
      }
    },
    {
      "time_sec": 1.5,
      "intensity": {
        "cel": 0.004336351063102484,
        "cla": 0.0035441911313682795,
        "flu": 0.01088665146380663,
        "gac": 0.1034659594297409,
        "gel": 0.0077061960473656654,
        "org": 0.0028938648756593466,
        "pia": 0.0008141707512550056,
        "sax": 0.017334258183836937,
        "tru": 0.004603071138262749,
        "vio": 0.00816434808075428,
        "voi": 0.9672188758850098
      }
    },
    {
      "time_sec": 3.0,
      "intensity": {
        "cel": 0.004299239255487919,
        "cla": 0.005888959392905235,
        "flu": 0.010234665125608444,
        "gac": 0.1412917822599411,
        "gel": 0.012448800727725029,
        "org": 0.0030657504685223103,
        "pia": 0.0007586483261547983,
        "sax": 0.03904719650745392,
        "tru": 0.005732483230531216,
        "vio": 0.007679246366024017,
        "voi": 0.9641757011413574
      }
    },
    {
      "time_sec": 4.5,
      "intensity": {
        "cel": 0.001857669441960752,
        "cla": 0.005190693773329258,
        "flu": 0.0036672339774668217,
        "gac": 0.0817650556564331,
        "gel": 0.007166688796132803,
        "org": 0.0014794558519497514,
        "pia": 0.000406103499699384,
        "sax": 0.03440575301647186,
        "tru": 0.004274364560842514,
        "vio": 0.0038026543334126472,
        "voi": 0.6615087985992432
      }
    }
  ]
}