{
  "audio_file": "06 - The partisan-4.wav",
  "segment_duration_sec": 3.0,
  "hop_duration_sec": 1.5,
  "aggregation": "average",
  "smoothing": {
    "method": "moving_average",
    "window": 3
  },
  "threshold": 0.25,
  "classes": [
    "cel",
    "cla",
    "flu",
    "gac",
    "gel",
    "org",
    "pia",
    "sax",
    "tru",
    "vio",
    "voi"
  ],
  "timeline": [
    {
      "time_sec": 0.0,
      "intensity": {
        "cel": 0.002231284976005554,
        "cla": 0.002013204153627157,
        "flu": 0.008557135239243507,
        "gac": 0.032886240631341934,
        "gel": 0.0017725398065522313,
        "org": 0.005909225903451443,
        "pia": 0.0014927138108760118,
        "sax": 0.015724215656518936,
        "tru": 0.0011939828982576728,
        "vio": 0.0010079506319016218,
        "voi": 0.6647406816482544
      }
    },
    {
      "time_sec": 1.5,
      "intensity": {
        "cel": 0.0028827539645135403,
        "cla": 0.0027109256479889154,
        "flu": 0.009339441545307636,
        "gac": 0.037071093916893005,
        "gel": 0.00301169091835618,
        "org": 0.0064663332886993885,
        "pia": 0.0017914505442604423,
        "sax": 0.020768575370311737,
        "tru": 0.003102608025074005,
        "vio": 0.004923236556351185,
        "voi": 0.9977391958236694
      }
    },
    {
      "time_sec": 3.0,
      "intensity": {
        "cel": 0.002379074925556779,
        "cla": 0.005209324881434441,
        "flu": 0.003966148477047682,
        "gac": 0.023088738322257996,
        "gel": 0.002392729977145791,
        "org": 0.0027227415703237057,
        "pia": 0.0011639645090326667,
        "sax": 0.04754416272044182,
        "tru": 0.004658456891775131,
        "vio": 0.005562011152505875,
        "voi": 0.9987832307815552
      }
    },
    {
      "time_sec": 4.5,
      "intensity": {
        "cel": 0.0020572710782289505,
        "cla": 0.004532308783382177,
        "flu": 0.001453222706913948,
        "gac": 0.020475229248404503,
        "gel": 0.0016600481467321515,
        "org": 0.001276070368476212,
        "pia": 0.0005658081499859691,
        "sax": 0.03805593401193619,
        "tru": 0.0036616346333175898,
        "vio": 0.00495433434844017,
        "voi": 0.6656398177146912
      }
    }
  ]
}