{
  "audio_file": "06 - The partisan-8.wav",
  "segment_duration_sec": 3.0,
  "hop_duration_sec": 1.5,
  "aggregation": "average",
  "smoothing": {
    "method": "moving_average",
    "window": 3
  },
  "threshold": 0.25,
  "classes": [
    "cel",
    "cla",
    "flu",
    "gac",
    "gel",
    "org",
    "pia",
    "sax",
    "tru",
    "vio",
    "voi"
  ],
  "timeline": [
    {
      "time_sec": 0.0,
      "intensity": {
        "cel": 0.006399401463568211,
        "cla": 0.006695998832583427,
        "flu": 0.013737711124122143,
        "gac": 0.017459571361541748,
        "gel": 0.000979376258328557,
        "org": 0.004330596420913935,
        "pia": 0.00047602035920135677,
        "sax": 0.018821483477950096,
        "tru": 0.0024552668910473585,
        "vio": 0.005422690883278847,
        "voi": 0.6621022820472717
      }
    },
    {
      "time_sec": 1.5,
      "intensity": {
        "cel": 0.007919887080788612,
        "cla": 0.007135678082704544,
        "flu": 0.05830841511487961,
        "gac": 0.06870948523283005,
        "gel": 0.0031868249643594027,
        "org": 0.005015170201659203,
        "pia": 0.0012776140356436372,
        "sax": 0.02078593522310257,
        "tru": 0.0030250968411564827,
        "vio": 0.010303686372935772,
        "voi": 0.9922676086425781
      }
    },
    {
      "time_sec": 3.0,
      "intensity": {
        "cel": 0.003805614775046706,
        "cla": 0.005288870073854923,
        "flu": 0.053526509553194046,
        "gac": 0.06122491881251335,
        "gel": 0.002581471810117364,
        "org": 0.0025619021616876125,
        "pia": 0.0010190400062128901,
        "sax": 0.012418301776051521,
        "tru": 0.00212954287417233,
        "vio": 0.007611043285578489,
        "voi": 0.6618289947509766
      }
    }
  ]
}