{
  "audio_file": "06 - The partisan-3.wav",
  "segment_duration_sec": 3.0,
  "hop_duration_sec": 1.5,
  "aggregation": "average",
  "smoothing": {
    "method": "moving_average",
    "window": 3
  },
  "threshold": 0.25,
  "classes": [
    "cel",
    "cla",
    "flu",
    "gac",
    "gel",
    "org",
    "pia",
    "sax",
    "tru",
    "vio",
    "voi"
  ],
  "timeline": [
    {
      "time_sec": 0.0,
      "intensity": {
        "cel": 0.0795484185218811,
        "cla": 0.0026428885757923126,
        "flu": 0.031157109886407852,
        "gac": 0.6211845874786377,
        "gel": 0.02828490361571312,
        "org": 0.00011191347584826872,
        "pia": 0.03111208602786064,
        "sax": 0.009738354943692684,
        "tru": 0.0003936621069442481,
        "vio": 0.012277758680284023,
        "voi": 0.02441951259970665
      }
    },
    {
      "time_sec": 1.5,
      "intensity": {
        "cel": 0.17600570619106293,
        "cla": 0.006406582426279783,
        "flu": 0.034749966114759445,
        "gac": 0.9200254678726196,
        "gel": 0.03786838427186012,
        "org": 0.00014258491864893585,
        "pia": 0.047525908797979355,
        "sax": 0.01870705559849739,
        "tru": 0.0008418912766501307,
        "vio": 0.019714953377842903,
        "voi": 0.02463369257748127
      }
    },
    {
      "time_sec": 3.0,
      "intensity": {
        "cel": 0.19073261320590973,
        "cla": 0.010632236488163471,
        "flu": 0.02417750097811222,
        "gac": 0.9256943464279175,
        "gel": 0.030086912214756012,
        "org": 0.0001389290700899437,
        "pia": 0.0519387386739254,
        "sax": 0.02047448605298996,
        "tru": 0.0008503206772729754,
        "vio": 0.01731497421860695,
        "voi": 0.0012510641245171428
      }
    },
    {
      "time_sec": 4.5,
      "intensity": {
        "cel": 0.1366141438484192,
        "cla": 0.00815972313284874,
        "flu": 0.020242013037204742,
        "gac": 0.6172144412994385,
        "gel": 0.022179150953888893,
        "org": 7.061534415697679e-05,
        "pia": 0.027813447639346123,
        "sax": 0.013412216678261757,
        "tru": 0.0005652229301631451,
        "vio": 0.013454386033117771,
        "voi": 0.0003701554087456316
      }
    }
  ]
}