{
  "audio_file": "06 - The partisan-9.wav",
  "segment_duration_sec": 3.0,
  "hop_duration_sec": 1.5,
  "aggregation": "average",
  "smoothing": {
    "method": "moving_average",
    "window": 3
  },
  "threshold": 0.25,
  "classes": [
    "cel",
    "cla",
    "flu",
    "gac",
    "gel",
    "org",
    "pia",
    "sax",
    "tru",
    "vio",
    "voi"
  ],
  "timeline": [
    {
      "time_sec": 0.0,
      "intensity": {
        "cel": 0.20212362706661224,
        "cla": 0.002385603031143546,
        "flu": 0.036176495254039764,
        "gac": 0.6261323690414429,
        "gel": 0.011550992727279663,
        "org": 7.537483179476112e-05,
        "pia": 0.013416877947747707,
        "sax": 0.007688948418945074,
        "tru": 0.00036583084147423506,
        "vio": 0.027427440509200096,
        "voi": 0.004337604157626629
      }
    },
    {
      "time_sec": 1.5,
      "intensity": {
        "cel": 0.3548787236213684,
        "cla": 0.0046646473929286,
        "flu": 0.047227729111909866,
        "gac": 0.9380688071250916,
        "gel": 0.019271982833743095,
        "org": 0.0001138243023888208,
        "pia": 0.02956674061715603,
        "sax": 0.010982561856508255,
        "tru": 0.0005061730626039207,
        "vio": 0.03586792200803757,
        "voi": 0.005250277929008007
      }
    },
    {
      "time_sec": 3.0,
      "intensity": {
        "cel": 0.35744336247444153,
        "cla": 0.007633430417627096,
        "flu": 0.039964959025382996,
        "gac": 0.9484633207321167,
        "gel": 0.017684711143374443,
        "org": 9.406398748978972e-05,
        "pia": 0.032936833798885345,
        "sax": 0.012057502754032612,
        "tru": 0.0004998299409635365,
        "vio": 0.029415689408779144,
        "voi": 0.0027267762925475836
      }
    },
    {
      "time_sec": 4.5,
      "intensity": {
        "cel": 0.19260810315608978,
        "cla": 0.006917146500200033,
        "flu": 0.028477007523179054,
        "gac": 0.6405359506607056,
        "gel": 0.012953178025782108,
        "org": 6.81622841511853e-05,
        "pia": 0.027345893904566765,
        "sax": 0.00692153861746192,
        "tru": 0.0002536034444347024,
        "vio": 0.014745954424142838,
        "voi": 0.0020152011420577765
      }
    }
  ]
}