{
  "audio_file": "06 - The partisan-10.wav",
  "segment_duration_sec": 3.0,
  "hop_duration_sec": 1.5,
  "aggregation": "average",
  "smoothing": {
    "method": "moving_average",
    "window": 3
  },
  "threshold": 0.25,
  "classes": [
    "cel",
    "cla",
    "flu",
    "gac",
    "gel",
    "org",
    "pia",
    "sax",
    "tru",
    "vio",
    "voi"
  ],
  "timeline": [
    {
      "time_sec": 0.0,
      "intensity": {
        "cel": 0.01669563353061676,
        "cla": 0.01249171607196331,
        "flu": 0.026486506685614586,
        "gac": 0.09578956663608551,
        "gel": 0.0072868806309998035,
        "org": 0.00809786282479763,
        "pia": 0.0018993793055415154,
        "sax": 0.020999561995267868,
        "tru": 0.0017254430567845702,
        "vio": 0.005893862806260586,
        "voi": 0.4350702166557312
      }
    },
    {
      "time_sec": 1.5,
      "intensity": {
        "cel": 0.03540828078985214,
        "cla": 0.015714827924966812,
        "flu": 0.047893669456243515,
        "gac": 0.13264407217502594,
        "gel": 0.012177834287285805,
        "org": 0.011466520838439465,
        "pia": 0.002561105415225029,
        "sax": 0.029953420162200928,
        "tru": 0.002931099385023117,
        "vio": 0.015133689157664776,
        "voi": 0.550061047077179
      }
    },
    {
      "time_sec": 3.0,
      "intensity": {
        "cel": 0.02213519997894764,
        "cla": 0.00534772127866745,
        "flu": 0.026940537616610527,
        "gac": 0.08095772564411163,
        "gel": 0.009684698656201363,
        "org": 0.006467799656093121,
        "pia": 0.0021767842117697,
        "sax": 0.015003347769379616,
        "tru": 0.002193720079958439,
        "vio": 0.010951926931738853,
        "voi": 0.39950284361839294
      }
    }
  ]
}