{
  "audio_file": "06-Confirmation-20.wav",
  "segment_duration_sec": 3.0,
  "hop_duration_sec": 1.5,
  "aggregation": "average",
  "smoothing": {
    "method": "moving_average",
    "window": 3
  },
  "threshold": 0.25,
  "classes": [
    "cel",
    "cla",
    "flu",
    "gac",
    "gel",
    "org",
    "pia",
    "sax",
    "tru",
    "vio",
    "voi"
  ],
  "timeline": [
    {
      "time_sec": 0.0,
      "intensity": {
        "cel": 0.06846863776445389,
        "cla": 0.007993293926119804,
        "flu": 0.01410293485969305,
        "gac": 0.1356894075870514,
        "gel": 0.2296943962574005,
        "org": 0.012035871855914593,
        "pia": 0.022467071190476418,
        "sax": 0.07870302349328995,
        "tru": 0.06528905034065247,
        "vio": 0.004939311649650335,
        "voi": 0.024493331089615822
      }
    },
    {
      "time_sec": 1.5,
      "intensity": {
        "cel": 0.02283765748143196,
        "cla": 0.008615877479314804,
        "flu": 0.027771085500717163,
        "gac": 0.10993628203868866,
        "gel": 0.35082918405532837,
        "org": 0.1806684285402298,
        "pia": 0.01178368367254734,
        "sax": 0.06715807318687439,
        "tru": 0.04804668202996254,
        "vio": 0.011113148182630539,
        "voi": 0.034209176898002625
      }
    }
  ]
}