{
  "audio_file": "06-Confirmation-21.wav",
  "segment_duration_sec": 3.0,
  "hop_duration_sec": 1.5,
  "aggregation": "average",
  "smoothing": {
    "method": "moving_average",
    "window": 3
  },
  "threshold": 0.25,
  "classes": [
    "cel",
    "cla",
    "flu",
    "gac",
    "gel",
    "org",
    "pia",
    "sax",
    "tru",
    "vio",
    "voi"
  ],
  "timeline": [
    {
      "time_sec": 0.0,
      "intensity": {
        "cel": 0.001802594750188291,
        "cla": 0.021349776536226273,
        "flu": 0.024840455502271652,
        "gac": 0.033423345535993576,
        "gel": 0.09793885797262192,
        "org": 0.006491770967841148,
        "pia": 0.4559395909309387,
        "sax": 0.06362143903970718,
        "tru": 0.012435227632522583,
        "vio": 0.00811937265098095,
        "voi": 0.004124109633266926
      }
    },
    {
      "time_sec": 1.5,
      "intensity": {
        "cel": 0.0029217370320111513,
        "cla": 0.007217696402221918,
        "flu": 0.016435537487268448,
        "gac": 0.034889817237854004,
        "gel": 0.09829964488744736,
        "org": 0.008440983481705189,
        "pia": 0.6425155401229858,
        "sax": 0.03720846027135849,
        "tru": 0.025536539033055305,
        "vio": 0.021708322688937187,
        "voi": 0.003916720859706402
      }
    }
  ]
}