{
  "audio_file": "06-Confirmation-17.wav",
  "segment_duration_sec": 3.0,
  "hop_duration_sec": 1.5,
  "aggregation": "average",
  "smoothing": {
    "method": "moving_average",
    "window": 3
  },
  "threshold": 0.25,
  "classes": [
    "cel",
    "cla",
    "flu",
    "gac",
    "gel",
    "org",
    "pia",
    "sax",
    "tru",
    "vio",
    "voi"
  ],
  "timeline": [
    {
      "time_sec": 0.0,
      "intensity": {
        "cel": 0.00353399314917624,
        "cla": 0.05473071336746216,
        "flu": 0.003287974512204528,
        "gac": 0.015260068699717522,
        "gel": 0.15308432281017303,
        "org": 0.0004165018326602876,
        "pia": 0.005736023187637329,
        "sax": 0.5255581140518188,
        "tru": 0.25647634267807007,
        "vio": 0.10341346263885498,
        "voi": 0.0004143158730585128
      }
    },
    {
      "time_sec": 1.5,
      "intensity": {
        "cel": 0.0047629461623728275,
        "cla": 0.07987494021654129,
        "flu": 0.002184903481975198,
        "gac": 0.060794033110141754,
        "gel": 0.04556429386138916,
        "org": 0.0002982443547807634,
        "pia": 0.006435445975512266,
        "sax": 0.47547203302383423,
        "tru": 0.07994182407855988,
        "vio": 0.06503507494926453,
        "voi": 0.004923414438962936
      }
    }
  ]
}