{
  "audio_file": "06-Confirmation-18.wav",
  "segment_duration_sec": 3.0,
  "hop_duration_sec": 1.5,
  "aggregation": "average",
  "smoothing": {
    "method": "moving_average",
    "window": 3
  },
  "threshold": 0.25,
  "classes": [
    "cel",
    "cla",
    "flu",
    "gac",
    "gel",
    "org",
    "pia",
    "sax",
    "tru",
    "vio",
    "voi"
  ],
  "timeline": [
    {
      "time_sec": 0.0,
      "intensity": {
        "cel": 0.0009717700886540115,
        "cla": 0.033385757356882095,
        "flu": 0.010297609493136406,
        "gac": 0.04421937093138695,
        "gel": 0.2606741487979889,
        "org": 0.005621284246444702,
        "pia": 0.7229353785514832,
        "sax": 0.08440451323986053,
        "tru": 0.019009245559573174,
        "vio": 0.0038962699472904205,
        "voi": 0.0019691011402755976
      }
    },
    {
      "time_sec": 1.5,
      "intensity": {
        "cel": 0.004132114816457033,
        "cla": 0.015033475123345852,
        "flu": 0.0038741747848689556,
        "gac": 0.11462961882352829,
        "gel": 0.217255100607872,
        "org": 0.016517475247383118,
        "pia": 0.40221190452575684,
        "sax": 0.17147575318813324,
        "tru": 0.028502153232693672,
        "vio": 0.00791882909834385,
        "voi": 0.0026010682340711355
      }
    }
  ]
}