{
  "audio_file": "06-Confirmation-19.wav",
  "segment_duration_sec": 3.0,
  "hop_duration_sec": 1.5,
  "aggregation": "average",
  "smoothing": {
    "method": "moving_average",
    "window": 3
  },
  "threshold": 0.25,
  "classes": [
    "cel",
    "cla",
    "flu",
    "gac",
    "gel",
    "org",
    "pia",
    "sax",
    "tru",
    "vio",
    "voi"
  ],
  "timeline": [
    {
      "time_sec": 0.0,
      "intensity": {
        "cel": 0.007057580165565014,
        "cla": 0.020864078775048256,
        "flu": 0.0035061128437519073,
        "gac": 0.04332563653588295,
        "gel": 0.1065821647644043,
        "org": 0.0007385905482806265,
        "pia": 0.005173681769520044,
        "sax": 0.22863119840621948,
        "tru": 0.08557281643152237,
        "vio": 0.06390373408794403,
        "voi": 0.01192740723490715
      }
    },
    {
      "time_sec": 1.5,
      "intensity": {
        "cel": 0.0019370156805962324,
        "cla": 0.06642656773328781,
        "flu": 0.0030035991221666336,
        "gac": 0.012257545255124569,
        "gel": 0.18401850759983063,
        "org": 0.00025152970920316875,
        "pia": 0.010683956556022167,
        "sax": 0.5419261455535889,
        "tru": 0.13925601541996002,
        "vio": 0.20672672986984253,
        "voi": 0.0025210801977664232
      }
    }
  ]
}