{
  "audio_file": "06-Confirmation-23.wav",
  "segment_duration_sec": 3.0,
  "hop_duration_sec": 1.5,
  "aggregation": "average",
  "smoothing": {
    "method": "moving_average",
    "window": 3
  },
  "threshold": 0.25,
  "classes": [
    "cel",
    "cla",
    "flu",
    "gac",
    "gel",
    "org",
    "pia",
    "sax",
    "tru",
    "vio",
    "voi"
  ],
  "timeline": [
    {
      "time_sec": 0.0,
      "intensity": {
        "cel": 0.09670163691043854,
        "cla": 0.03976580128073692,
        "flu": 0.0010575538035482168,
        "gac": 0.15313227474689484,
        "gel": 0.0020854026079177856,
        "org": 0.0006325819995254278,
        "pia": 0.03422844037413597,
        "sax": 0.1981036365032196,
        "tru": 0.019557170569896698,
        "vio": 0.1723797619342804,
        "voi": 0.003774715820327401
      }
    },
    {
      "time_sec": 1.5,
      "intensity": {
        "cel": 0.10092945396900177,
        "cla": 0.038910385221242905,
        "flu": 0.005158860236406326,
        "gac": 0.2343529909849167,
        "gel": 0.002889190800487995,
        "org": 0.010316185653209686,
        "pia": 0.10781839489936829,
        "sax": 0.15083518624305725,
        "tru": 0.009895728901028633,
        "vio": 0.017353810369968414,
        "voi": 0.0031547171529382467
      }
    }
  ]
}