{
  "audio_file": "07 - Store Bought Bones - 07-10.wav",
  "segment_duration_sec": 3.0,
  "hop_duration_sec": 1.5,
  "aggregation": "average",
  "smoothing": {
    "method": "moving_average",
    "window": 3
  },
  "threshold": 0.25,
  "classes": [
    "cel",
    "cla",
    "flu",
    "gac",
    "gel",
    "org",
    "pia",
    "sax",
    "tru",
    "vio",
    "voi"
  ],
  "timeline": [
    {
      "time_sec": 0.0,
      "intensity": {
        "cel": 0.10456866770982742,
        "cla": 0.00747961038723588,
        "flu": 0.003867626655846834,
        "gac": 0.0007575901108793914,
        "gel": 0.2110716700553894,
        "org": 0.007156685460358858,
        "pia": 0.024466345086693764,
        "sax": 0.014267622493207455,
        "tru": 0.002542288973927498,
        "vio": 0.03667440265417099,
        "voi": 0.03631468862295151
      }
    },
    {
      "time_sec": 1.5,
      "intensity": {
        "cel": 0.2490597665309906,
        "cla": 0.021872801706194878,
        "flu": 0.004324563778936863,
        "gac": 0.0010276283137500286,
        "gel": 0.2734207510948181,
        "org": 0.008818537928164005,
        "pia": 0.02609250135719776,
        "sax": 0.0508105494081974,
        "tru": 0.008798103779554367,
        "vio": 0.045216094702482224,
        "voi": 0.03742250055074692
      }
    },
    {
      "time_sec": 3.0,
      "intensity": {
        "cel": 0.22795729339122772,
        "cla": 0.019197816029191017,
        "flu": 0.0022513156291097403,
        "gac": 0.0003516425203997642,
        "gel": 0.2136916071176529,
        "org": 0.005626194179058075,
        "pia": 0.012679516337811947,
        "sax": 0.04139943793416023,
        "tru": 0.008180447854101658,
        "vio": 0.02572566270828247,
        "voi": 0.006655232049524784
      }
    }
  ]
}