{
  "audio_file": "07 - Store Bought Bones - 07-1.wav",
  "segment_duration_sec": 3.0,
  "hop_duration_sec": 1.5,
  "aggregation": "average",
  "smoothing": {
    "method": "moving_average",
    "window": 3
  },
  "threshold": 0.25,
  "classes": [
    "cel",
    "cla",
    "flu",
    "gac",
    "gel",
    "org",
    "pia",
    "sax",
    "tru",
    "vio",
    "voi"
  ],
  "timeline": [
    {
      "time_sec": 0.0,
      "intensity": {
        "cel": 0.02063455432653427,
        "cla": 0.02102302387356758,
        "flu": 0.001609367085620761,
        "gac": 0.028317149728536606,
        "gel": 0.4708423316478729,
        "org": 0.026618752628564835,
        "pia": 0.04778970777988434,
        "sax": 0.1507129669189453,
        "tru": 0.07761673629283905,
        "vio": 0.008237870410084724,
        "voi": 0.009136672131717205
      }
    },
    {
      "time_sec": 1.5,
      "intensity": {
        "cel": 0.019860008731484413,
        "cla": 0.026442211121320724,
        "flu": 0.0021995478309690952,
        "gac": 0.10218772292137146,
        "gel": 0.39961275458335876,
        "org": 0.04786437377333641,
        "pia": 0.11243178695440292,
        "sax": 0.09047605097293854,
        "tru": 0.01466346811503172,
        "vio": 0.004751401022076607,
        "voi": 0.003560867626219988
      }
    }
  ]
}