{
  "audio_file": "07 - Store Bought Bones - 07-2.wav",
  "segment_duration_sec": 3.0,
  "hop_duration_sec": 1.5,
  "aggregation": "average",
  "smoothing": {
    "method": "moving_average",
    "window": 3
  },
  "threshold": 0.25,
  "classes": [
    "cel",
    "cla",
    "flu",
    "gac",
    "gel",
    "org",
    "pia",
    "sax",
    "tru",
    "vio",
    "voi"
  ],
  "timeline": [
    {
      "time_sec": 0.0,
      "intensity": {
        "cel": 0.014938916079699993,
        "cla": 0.009450948797166348,
        "flu": 0.0056819431483745575,
        "gac": 0.020873555913567543,
        "gel": 0.307718962430954,
        "org": 0.07442712783813477,
        "pia": 0.021166780963540077,
        "sax": 0.03201675042510033,
        "tru": 0.037640683352947235,
        "vio": 0.014934511855244637,
        "voi": 0.010673299431800842
      }
    },
    {
      "time_sec": 1.5,
      "intensity": {
        "cel": 0.04064815863966942,
        "cla": 0.011007978580892086,
        "flu": 0.009695577435195446,
        "gac": 0.02395366132259369,
        "gel": 0.4076400399208069,
        "org": 0.09332213550806046,
        "pia": 0.031431518495082855,
        "sax": 0.04468972980976105,
        "tru": 0.0624287948012352,
        "vio": 0.022825030609965324,
        "voi": 0.01533755473792553
      }
    },
    {
      "time_sec": 3.0,
      "intensity": {
        "cel": 0.03502461686730385,
        "cla": 0.0033892588689923286,
        "flu": 0.00787105318158865,
        "gac": 0.020310137420892715,
        "gel": 0.2730270326137543,
        "org": 0.04540780559182167,
        "pia": 0.018875744193792343,
        "sax": 0.017348336055874825,
        "tru": 0.03414600342512131,
        "vio": 0.013055362738668919,
        "voi": 0.010315117426216602
      }
    }
  ]
}