{
  "audio_file": "07. Buddy DeFranco & Tommy Gumina - Scrapple from the Apple-17.wav",
  "segment_duration_sec": 3.0,
  "hop_duration_sec": 1.5,
  "aggregation": "average",
  "smoothing": {
    "method": "moving_average",
    "window": 3
  },
  "threshold": 0.25,
  "classes": [
    "cel",
    "cla",
    "flu",
    "gac",
    "gel",
    "org",
    "pia",
    "sax",
    "tru",
    "vio",
    "voi"
  ],
  "timeline": [
    {
      "time_sec": 0.0,
      "intensity": {
        "cel": 0.004513366613537073,
        "cla": 0.12589843571186066,
        "flu": 0.12405388802289963,
        "gac": 0.007114677224308252,
        "gel": 0.004952650982886553,
        "org": 0.02085902728140354,
        "pia": 0.12396807223558426,
        "sax": 0.03497254103422165,
        "tru": 0.007072796579450369,
        "vio": 0.018116353079676628,
        "voi": 0.0068725710734725
      }
    },
    {
      "time_sec": 1.5,
      "intensity": {
        "cel": 0.008703217841684818,
        "cla": 0.24886970221996307,
        "flu": 0.16526862978935242,
        "gac": 0.012350876815617085,
        "gel": 0.00736202159896493,
        "org": 0.04202115908265114,
        "pia": 0.13633432984352112,
        "sax": 0.06515682488679886,
        "tru": 0.01132768951356411,
        "vio": 0.02539149671792984,
        "voi": 0.01170793641358614
      }
    },
    {
      "time_sec": 3.0,
      "intensity": {
        "cel": 0.006259693764150143,
        "cla": 0.19298434257507324,
        "flu": 0.1418834626674652,
        "gac": 0.00957575161010027,
        "gel": 0.003344148164615035,
        "org": 0.026215316727757454,
        "pia": 0.10891620814800262,
        "sax": 0.04230552539229393,
        "tru": 0.005464846733957529,
        "vio": 0.01480885874480009,
        "voi": 0.005720069166272879
      }
    }
  ]
}