{
  "audio_file": "08 - Rufus Wainwright - Poses-17.wav",
  "segment_duration_sec": 3.0,
  "hop_duration_sec": 1.5,
  "aggregation": "average",
  "smoothing": {
    "method": "moving_average",
    "window": 3
  },
  "threshold": 0.25,
  "classes": [
    "cel",
    "cla",
    "flu",
    "gac",
    "gel",
    "org",
    "pia",
    "sax",
    "tru",
    "vio",
    "voi"
  ],
  "timeline": [
    {
      "time_sec": 0.0,
      "intensity": {
        "cel": 0.3729453980922699,
        "cla": 0.0010173687478527427,
        "flu": 0.045892760157585144,
        "gac": 0.009710847400128841,
        "gel": 0.029656659811735153,
        "org": 0.0007445925148203969,
        "pia": 0.0027318343054503202,
        "sax": 0.03757872059941292,
        "tru": 0.0029465535189956427,
        "vio": 0.2704544961452484,
        "voi": 0.29906606674194336
      }
    },
    {
      "time_sec": 1.5,
      "intensity": {
        "cel": 0.008107741363346577,
        "cla": 0.00023440967197529972,
        "flu": 0.015794966369867325,
        "gac": 0.0047193970531225204,
        "gel": 0.05763392150402069,
        "org": 0.0015455230604857206,
        "pia": 0.001928838319145143,
        "sax": 0.016838518902659416,
        "tru": 0.005294928792864084,
        "vio": 0.5420286655426025,
        "voi": 0.9155072569847107
      }
    }
  ]
}