{
  "audio_file": "08 - Rufus Wainwright - Poses-10.wav",
  "segment_duration_sec": 3.0,
  "hop_duration_sec": 1.5,
  "aggregation": "average",
  "smoothing": {
    "method": "moving_average",
    "window": 3
  },
  "threshold": 0.25,
  "classes": [
    "cel",
    "cla",
    "flu",
    "gac",
    "gel",
    "org",
    "pia",
    "sax",
    "tru",
    "vio",
    "voi"
  ],
  "timeline": [
    {
      "time_sec": 0.0,
      "intensity": {
        "cel": 0.4509168863296509,
        "cla": 0.02027907408773899,
        "flu": 0.05142486095428467,
        "gac": 0.11183030158281326,
        "gel": 0.01709061861038208,
        "org": 0.027035433799028397,
        "pia": 0.04416019469499588,
        "sax": 0.02473418228328228,
        "tru": 0.026413314044475555,
        "vio": 0.14116038382053375,
        "voi": 0.014730898663401604
      }
    },
    {
      "time_sec": 1.5,
      "intensity": {
        "cel": 0.1940336674451828,
        "cla": 0.010347037576138973,
        "flu": 0.11827589571475983,
        "gac": 0.22807630896568298,
        "gel": 0.009218201972544193,
        "org": 0.011813728138804436,
        "pia": 0.041486889123916626,
        "sax": 0.02836964838206768,
        "tru": 0.013659294694662094,
        "vio": 0.06866685301065445,
        "voi": 0.014625927433371544
      }
    }
  ]
}