{
  "audio_file": "08 - Rufus Wainwright - Poses-23.wav",
  "segment_duration_sec": 3.0,
  "hop_duration_sec": 1.5,
  "aggregation": "average",
  "smoothing": {
    "method": "moving_average",
    "window": 3
  },
  "threshold": 0.25,
  "classes": [
    "cel",
    "cla",
    "flu",
    "gac",
    "gel",
    "org",
    "pia",
    "sax",
    "tru",
    "vio",
    "voi"
  ],
  "timeline": [
    {
      "time_sec": 0.0,
      "intensity": {
        "cel": 0.3097045123577118,
        "cla": 0.0038711554370820522,
        "flu": 0.0013256112579256296,
        "gac": 0.006353485863655806,
        "gel": 0.006614265032112598,
        "org": 0.010900024324655533,
        "pia": 0.06496813893318176,
        "sax": 0.056388936936855316,
        "tru": 0.044744160026311874,
        "vio": 0.020226556807756424,
        "voi": 0.001370578771457076
      }
    },
    {
      "time_sec": 1.5,
      "intensity": {
        "cel": 0.4456300437450409,
        "cla": 0.005802836734801531,
        "flu": 0.010098353028297424,
        "gac": 0.010020647197961807,
        "gel": 0.011446710675954819,
        "org": 0.022151289507746696,
        "pia": 0.07803891599178314,
        "sax": 0.0659400001168251,
        "tru": 0.0650247260928154,
        "vio": 0.03372984007000923,
        "voi": 0.0033965404145419598
      }
    },
    {
      "time_sec": 3.0,
      "intensity": {
        "cel": 0.5166609883308411,
        "cla": 0.004602455534040928,
        "flu": 0.022432826459407806,
        "gac": 0.011793970130383968,
        "gel": 0.018142076209187508,
        "org": 0.02408718504011631,
        "pia": 0.062379732728004456,
        "sax": 0.048173125833272934,
        "tru": 0.04951440542936325,
        "vio": 0.08116844296455383,
        "voi": 0.004545237403362989
      }
    },
    {
      "time_sec": 4.5,
      "intensity": {
        "cel": 0.24244268238544464,
        "cla": 0.003466453868895769,
        "flu": 0.021918894723057747,
        "gac": 0.01097618043422699,
        "gel": 0.01582656428217888,
        "org": 0.016735106706619263,
        "pia": 0.05916880816221237,
        "sax": 0.01936645805835724,
        "tru": 0.02636919915676117,
        "vio": 0.06983823329210281,
        "voi": 0.0038456229958683252
      }
    }
  ]
}