{
  "audio_file": "08 - Rufus Wainwright - Poses-18.wav",
  "segment_duration_sec": 3.0,
  "hop_duration_sec": 1.5,
  "aggregation": "average",
  "smoothing": {
    "method": "moving_average",
    "window": 3
  },
  "threshold": 0.25,
  "classes": [
    "cel",
    "cla",
    "flu",
    "gac",
    "gel",
    "org",
    "pia",
    "sax",
    "tru",
    "vio",
    "voi"
  ],
  "timeline": [
    {
      "time_sec": 0.0,
      "intensity": {
        "cel": 0.029964106157422066,
        "cla": 7.276224641827866e-05,
        "flu": 0.00018306051788385957,
        "gac": 4.553236794890836e-05,
        "gel": 0.0003664705145638436,
        "org": 8.987868204712868e-05,
        "pia": 0.000135393493110314,
        "sax": 0.01764998584985733,
        "tru": 0.004937863443046808,
        "vio": 0.01788243092596531,
        "voi": 0.6554669141769409
      }
    },
    {
      "time_sec": 1.5,
      "intensity": {
        "cel": 0.05741294100880623,
        "cla": 0.00024954768014140427,
        "flu": 0.00030760630033910275,
        "gac": 7.830333925085142e-05,
        "gel": 0.0005582822486758232,
        "org": 9.966654033632949e-05,
        "pia": 0.00018111406825482845,
        "sax": 0.038748979568481445,
        "tru": 0.006195812486112118,
        "vio": 0.027660883963108063,
        "voi": 0.9643356800079346
      }
    },
    {
      "time_sec": 3.0,
      "intensity": {
        "cel": 0.055421777069568634,
        "cla": 0.0005765262758359313,
        "flu": 0.0007891321438364685,
        "gac": 0.00021739478688687086,
        "gel": 0.0011045342544093728,
        "org": 5.9249163314234465e-05,
        "pia": 0.0002629852097015828,
        "sax": 0.06814079731702805,
        "tru": 0.007528090849518776,
        "vio": 0.03309180587530136,
        "voi": 0.918678879737854
      }
    },
    {
      "time_sec": 4.5,
      "intensity": {
        "cel": 0.03280464559793472,
        "cla": 0.0005406459094956517,
        "flu": 0.0007315429975278676,
        "gac": 0.00018919457215815783,
        "gel": 0.0008305104565806687,
        "org": 1.8959379303851165e-05,
        "pia": 0.00018525338964536786,
        "sax": 0.06259045749902725,
        "tru": 0.006525472737848759,
        "vio": 0.02615208551287651,
        "voi": 0.5920299887657166
      }
    }
  ]
}