{
  "audio_file": "08 - Rufus Wainwright - Poses-16.wav",
  "segment_duration_sec": 3.0,
  "hop_duration_sec": 1.5,
  "aggregation": "average",
  "smoothing": {
    "method": "moving_average",
    "window": 3
  },
  "threshold": 0.25,
  "classes": [
    "cel",
    "cla",
    "flu",
    "gac",
    "gel",
    "org",
    "pia",
    "sax",
    "tru",
    "vio",
    "voi"
  ],
  "timeline": [
    {
      "time_sec": 0.0,
      "intensity": {
        "cel": 0.019345147535204887,
        "cla": 0.0001851376728154719,
        "flu": 0.0002388572320342064,
        "gac": 0.00017124394071288407,
        "gel": 0.00012293888721615076,
        "org": 5.960108319413848e-05,
        "pia": 0.00010709410707931966,
        "sax": 0.03680664673447609,
        "tru": 0.001834893599152565,
        "vio": 0.007076894398778677,
        "voi": 0.6593773365020752
      }
    },
    {
      "time_sec": 1.5,
      "intensity": {
        "cel": 0.031343430280685425,
        "cla": 0.0006739534437656403,
        "flu": 0.0014324247604236007,
        "gac": 0.0002929142501670867,
        "gel": 0.0004032128781545907,
        "org": 7.772771641612053e-05,
        "pia": 0.00016690990014467388,
        "sax": 0.059326354414224625,
        "tru": 0.0019649823661893606,
        "vio": 0.020372962579131126,
        "voi": 0.9850004315376282
      }
    },
    {
      "time_sec": 3.0,
      "intensity": {
        "cel": 0.026098761707544327,
        "cla": 0.0009935215348377824,
        "flu": 0.00541852368041873,
        "gac": 0.000915277807507664,
        "gel": 0.001554313232190907,
        "org": 6.79251752444543e-05,
        "pia": 0.00031813973328098655,
        "sax": 0.07991097867488861,
        "tru": 0.0029668165370821953,
        "vio": 0.04750769957900047,
        "voi": 0.9162758588790894
      }
    },
    {
      "time_sec": 4.5,
      "intensity": {
        "cel": 0.017020966857671738,
        "cla": 0.0009799308609217405,
        "flu": 0.005347242578864098,
        "gac": 0.0008913166238926351,
        "gel": 0.001469809329137206,
        "org": 3.523771738400683e-05,
        "pia": 0.00027272343868389726,
        "sax": 0.07451567053794861,
        "tru": 0.0020603423472493887,
        "vio": 0.04468993470072746,
        "voi": 0.5834687948226929
      }
    }
  ]
}