{
  "audio_file": "08 My favorite game-1.wav",
  "segment_duration_sec": 3.0,
  "hop_duration_sec": 1.5,
  "aggregation": "average",
  "smoothing": {
    "method": "moving_average",
    "window": 3
  },
  "threshold": 0.25,
  "classes": [
    "cel",
    "cla",
    "flu",
    "gac",
    "gel",
    "org",
    "pia",
    "sax",
    "tru",
    "vio",
    "voi"
  ],
  "timeline": [
    {
      "time_sec": 0.0,
      "intensity": {
        "cel": 0.005637571681290865,
        "cla": 0.2913797199726105,
        "flu": 0.21687589585781097,
        "gac": 0.2593437135219574,
        "gel": 0.003129461081698537,
        "org": 0.002967303618788719,
        "pia": 0.00018387034651823342,
        "sax": 0.014341549947857857,
        "tru": 0.03344448283314705,
        "vio": 0.007576505187898874,
        "voi": 0.007723746821284294
      }
    },
    {
      "time_sec": 1.5,
      "intensity": {
        "cel": 0.011720024049282074,
        "cla": 0.4357033669948578,
        "flu": 0.4400206506252289,
        "gac": 0.45583489537239075,
        "gel": 0.0048204585909843445,
        "org": 0.003426417475566268,
        "pia": 0.00030526495538651943,
        "sax": 0.021355386823415756,
        "tru": 0.0616963654756546,
        "vio": 0.008811759762465954,
        "voi": 0.009258183650672436
      }
    },
    {
      "time_sec": 3.0,
      "intensity": {
        "cel": 0.00980280339717865,
        "cla": 0.3070932626724243,
        "flu": 0.39265868067741394,
        "gac": 0.3853631913661957,
        "gel": 0.0036403194535523653,
        "org": 0.0007063179509714246,
        "pia": 0.00026117925881408155,
        "sax": 0.012731830589473248,
        "tru": 0.04218413308262825,
        "vio": 0.004328773822635412,
        "voi": 0.0032460312359035015
      }
    }
  ]
}