{
  "audio_file": "08 My favorite game-31.wav",
  "segment_duration_sec": 3.0,
  "hop_duration_sec": 1.5,
  "aggregation": "average",
  "smoothing": {
    "method": "moving_average",
    "window": 3
  },
  "threshold": 0.25,
  "classes": [
    "cel",
    "cla",
    "flu",
    "gac",
    "gel",
    "org",
    "pia",
    "sax",
    "tru",
    "vio",
    "voi"
  ],
  "timeline": [
    {
      "time_sec": 0.0,
      "intensity": {
        "cel": 0.0010722189908847213,
        "cla": 0.013022995553910732,
        "flu": 0.0044231535866856575,
        "gac": 0.008649362251162529,
        "gel": 0.020023830235004425,
        "org": 0.009581970050930977,
        "pia": 0.0034874859265983105,
        "sax": 0.03482186794281006,
        "tru": 0.013391892425715923,
        "vio": 0.013318004086613655,
        "voi": 0.5315423011779785
      }
    },
    {
      "time_sec": 1.5,
      "intensity": {
        "cel": 0.0020210337825119495,
        "cla": 0.016723647713661194,
        "flu": 0.006064951419830322,
        "gac": 0.035070981830358505,
        "gel": 0.04673665761947632,
        "org": 0.016528476029634476,
        "pia": 0.007472933270037174,
        "sax": 0.050079960376024246,
        "tru": 0.01792473904788494,
        "vio": 0.01757071726024151,
        "voi": 0.7498048543930054
      }
    },
    {
      "time_sec": 3.0,
      "intensity": {
        "cel": 0.001351249753497541,
        "cla": 0.010909882374107838,
        "flu": 0.004327728413045406,
        "gac": 0.03260794281959534,
        "gel": 0.04134713113307953,
        "org": 0.013810615055263042,
        "pia": 0.006659293547272682,
        "sax": 0.03458322212100029,
        "tru": 0.010176915675401688,
        "vio": 0.009927342645823956,
        "voi": 0.44947293400764465
      }
    }
  ]
}