{
  "audio_file": "08 My favorite game-22.wav",
  "segment_duration_sec": 3.0,
  "hop_duration_sec": 1.5,
  "aggregation": "average",
  "smoothing": {
    "method": "moving_average",
    "window": 3
  },
  "threshold": 0.25,
  "classes": [
    "cel",
    "cla",
    "flu",
    "gac",
    "gel",
    "org",
    "pia",
    "sax",
    "tru",
    "vio",
    "voi"
  ],
  "timeline": [
    {
      "time_sec": 0.0,
      "intensity": {
        "cel": 0.0014519423712044954,
        "cla": 0.007380474358797073,
        "flu": 0.006540635600686073,
        "gac": 0.014705656096339226,
        "gel": 0.07277411222457886,
        "org": 0.005266591906547546,
        "pia": 0.007869204506278038,
        "sax": 0.023935023695230484,
        "tru": 0.0054944958537817,
        "vio": 0.00226378976367414,
        "voi": 0.5374698638916016
      }
    },
    {
      "time_sec": 1.5,
      "intensity": {
        "cel": 0.0024854158982634544,
        "cla": 0.010270379483699799,
        "flu": 0.0269614364951849,
        "gac": 0.052387628704309464,
        "gel": 0.10823754221200943,
        "org": 0.006663961801677942,
        "pia": 0.01040753722190857,
        "sax": 0.028392378240823746,
        "tru": 0.007429718971252441,
        "vio": 0.006357664708048105,
        "voi": 0.7410266995429993
      }
    },
    {
      "time_sec": 3.0,
      "intensity": {
        "cel": 0.0015836760867387056,
        "cla": 0.008172200992703438,
        "flu": 0.021806055679917336,
        "gac": 0.04492024704813957,
        "gel": 0.08606388419866562,
        "org": 0.005145928356796503,
        "pia": 0.008657106198370457,
        "sax": 0.018667928874492645,
        "tru": 0.0046982541680336,
        "vio": 0.0054100495763123035,
        "voi": 0.43657296895980835
      }
    }
  ]
}