{
  "audio_file": "08-Concerto in A major, K 219 -2- Adagio-29.wav",
  "segment_duration_sec": 3.0,
  "hop_duration_sec": 1.5,
  "aggregation": "average",
  "smoothing": {
    "method": "moving_average",
    "window": 3
  },
  "threshold": 0.25,
  "classes": [
    "cel",
    "cla",
    "flu",
    "gac",
    "gel",
    "org",
    "pia",
    "sax",
    "tru",
    "vio",
    "voi"
  ],
  "timeline": [
    {
      "time_sec": 0.0,
      "intensity": {
        "cel": 0.024483582004904747,
        "cla": 0.25739797949790955,
        "flu": 0.011253861710429192,
        "gac": 0.001683020032942295,
        "gel": 0.0011187864001840353,
        "org": 0.07024948298931122,
        "pia": 0.0033864055294543505,
        "sax": 0.04541659355163574,
        "tru": 0.14224597811698914,
        "vio": 0.03955833613872528,
        "voi": 0.0014574880478903651
      }
    },
    {
      "time_sec": 1.5,
      "intensity": {
        "cel": 0.032108716666698456,
        "cla": 0.378691166639328,
        "flu": 0.019397247582674026,
        "gac": 0.004780691582709551,
        "gel": 0.0020054925698786974,
        "org": 0.08553677797317505,
        "pia": 0.004043577238917351,
        "sax": 0.11191170662641525,
        "tru": 0.1663419008255005,
        "vio": 0.07659659534692764,
        "voi": 0.00363149237819016
      }
    },
    {
      "time_sec": 3.0,
      "intensity": {
        "cel": 0.02186170220375061,
        "cla": 0.27201202511787415,
        "flu": 0.017741242423653603,
        "gac": 0.004377147648483515,
        "gel": 0.0012161022750660777,
        "org": 0.033076394349336624,
        "pia": 0.002174075460061431,
        "sax": 0.08726140856742859,
        "tru": 0.057984352111816406,
        "vio": 0.06806564331054688,
        "voi": 0.0028880180325359106
      }
    }
  ]
}