{
  "audio_file": "08-Concerto in A major, K 219 -2- Adagio-22.wav",
  "segment_duration_sec": 3.0,
  "hop_duration_sec": 1.5,
  "aggregation": "average",
  "smoothing": {
    "method": "moving_average",
    "window": 3
  },
  "threshold": 0.25,
  "classes": [
    "cel",
    "cla",
    "flu",
    "gac",
    "gel",
    "org",
    "pia",
    "sax",
    "tru",
    "vio",
    "voi"
  ],
  "timeline": [
    {
      "time_sec": 0.0,
      "intensity": {
        "cel": 0.01639891415834427,
        "cla": 0.5160408020019531,
        "flu": 0.11406032741069794,
        "gac": 0.001043096650391817,
        "gel": 0.0003120556939393282,
        "org": 0.007796868681907654,
        "pia": 0.0006513150874525309,
        "sax": 0.06817146390676498,
        "tru": 0.014667117968201637,
        "vio": 0.06241507828235626,
        "voi": 0.00033350774901919067
      }
    },
    {
      "time_sec": 1.5,
      "intensity": {
        "cel": 0.0207389947026968,
        "cla": 0.7356752157211304,
        "flu": 0.12973466515541077,
        "gac": 0.001892973785288632,
        "gel": 0.00038465572288259864,
        "org": 0.008064323104918003,
        "pia": 0.0009238324710167944,
        "sax": 0.08991200476884842,
        "tru": 0.018240954726934433,
        "vio": 0.1361435353755951,
        "voi": 0.0004147877625655383
      }
    },
    {
      "time_sec": 3.0,
      "intensity": {
        "cel": 0.01822752319276333,
        "cla": 0.4588654637336731,
        "flu": 0.11457416415214539,
        "gac": 0.0016527553088963032,
        "gel": 0.00015599379548802972,
        "org": 0.0007542366511188447,
        "pia": 0.0005453804624266922,
        "sax": 0.0368594229221344,
        "tru": 0.0069307261146605015,
        "vio": 0.11098545044660568,
        "voi": 0.00029922949033789337
      }
    }
  ]
}