{
  "audio_file": "08-Concerto in A major, K 219 -2- Adagio-9.wav",
  "segment_duration_sec": 3.0,
  "hop_duration_sec": 1.5,
  "aggregation": "average",
  "smoothing": {
    "method": "moving_average",
    "window": 3
  },
  "threshold": 0.25,
  "classes": [
    "cel",
    "cla",
    "flu",
    "gac",
    "gel",
    "org",
    "pia",
    "sax",
    "tru",
    "vio",
    "voi"
  ],
  "timeline": [
    {
      "time_sec": 0.0,
      "intensity": {
        "cel": 0.0264767874032259,
        "cla": 0.2100791335105896,
        "flu": 0.16067342460155487,
        "gac": 0.0006480511510744691,
        "gel": 0.0008929530158638954,
        "org": 0.0019397939322516322,
        "pia": 0.0003509848320391029,
        "sax": 0.009529558941721916,
        "tru": 0.007943200878798962,
        "vio": 0.07766714692115784,
        "voi": 0.000169058155734092
      }
    },
    {
      "time_sec": 1.5,
      "intensity": {
        "cel": 0.03344817832112312,
        "cla": 0.4901622533798218,
        "flu": 0.21748653054237366,
        "gac": 0.0010281784925609827,
        "gel": 0.0011262985644862056,
        "org": 0.005787400528788567,
        "pia": 0.0006054092664271593,
        "sax": 0.014146621339023113,
        "tru": 0.013671182096004486,
        "vio": 0.0873485803604126,
        "voi": 0.00018702601664699614
      }
    },
    {
      "time_sec": 3.0,
      "intensity": {
        "cel": 0.013504675589501858,
        "cla": 0.41413190960884094,
        "flu": 0.11238166689872742,
        "gac": 0.0009335949434898794,
        "gel": 0.0005846370477229357,
        "org": 0.004422249272465706,
        "pia": 0.000554294791072607,
        "sax": 0.00971291121095419,
        "tru": 0.01008046604692936,
        "vio": 0.06140043959021568,
        "voi": 0.00012160218466306105
      }
    }
  ]
}