{
  "audio_file": "08-Concerto in A major, K 219 -2- Adagio-5.wav",
  "segment_duration_sec": 3.0,
  "hop_duration_sec": 1.5,
  "aggregation": "average",
  "smoothing": {
    "method": "moving_average",
    "window": 3
  },
  "threshold": 0.25,
  "classes": [
    "cel",
    "cla",
    "flu",
    "gac",
    "gel",
    "org",
    "pia",
    "sax",
    "tru",
    "vio",
    "voi"
  ],
  "timeline": [
    {
      "time_sec": 0.0,
      "intensity": {
        "cel": 0.02231566607952118,
        "cla": 0.26924389600753784,
        "flu": 0.008206862024962902,
        "gac": 0.007951552979648113,
        "gel": 0.0034523578360676765,
        "org": 0.023242810741066933,
        "pia": 0.002670309506356716,
        "sax": 0.19784580171108246,
        "tru": 0.0168751273304224,
        "vio": 0.03623029217123985,
        "voi": 0.002602441469207406
      }
    },
    {
      "time_sec": 1.5,
      "intensity": {
        "cel": 0.025310758501291275,
        "cla": 0.3664969503879547,
        "flu": 0.016801102086901665,
        "gac": 0.009618965908885002,
        "gel": 0.004474871326237917,
        "org": 0.04670562595129013,
        "pia": 0.004039299674332142,
        "sax": 0.25590288639068604,
        "tru": 0.02403039112687111,
        "vio": 0.047093115746974945,
        "voi": 0.004034101031720638
      }
    },
    {
      "time_sec": 3.0,
      "intensity": {
        "cel": 0.02541237697005272,
        "cla": 0.26700544357299805,
        "flu": 0.02707447111606598,
        "gac": 0.004663183819502592,
        "gel": 0.002977362833917141,
        "org": 0.0543333999812603,
        "pia": 0.004141627810895443,
        "sax": 0.18269188702106476,
        "tru": 0.027558043599128723,
        "vio": 0.028824390843510628,
        "voi": 0.004018481355160475
      }
    },
    {
      "time_sec": 4.5,
      "intensity": {
        "cel": 0.017585739493370056,
        "cla": 0.15103791654109955,
        "flu": 0.023085149005055428,
        "gac": 0.0027167173102498055,
        "gel": 0.001434190897271037,
        "org": 0.03896375745534897,
        "pia": 0.0029181221034377813,
        "sax": 0.08297207951545715,
        "tru": 0.014696655794978142,
        "vio": 0.014731396920979023,
        "voi": 0.0016892136773094535
      }
    }
  ]
}