{
  "audio_file": "08-Concerto in A major, K 219 -2- Adagio-20.wav",
  "segment_duration_sec": 3.0,
  "hop_duration_sec": 1.5,
  "aggregation": "average",
  "smoothing": {
    "method": "moving_average",
    "window": 3
  },
  "threshold": 0.25,
  "classes": [
    "cel",
    "cla",
    "flu",
    "gac",
    "gel",
    "org",
    "pia",
    "sax",
    "tru",
    "vio",
    "voi"
  ],
  "timeline": [
    {
      "time_sec": 0.0,
      "intensity": {
        "cel": 0.13974346220493317,
        "cla": 0.013719171285629272,
        "flu": 0.0011397608323022723,
        "gac": 0.0005941320559941232,
        "gel": 0.023589210584759712,
        "org": 0.003894949331879616,
        "pia": 0.003971782047301531,
        "sax": 0.020654261112213135,
        "tru": 0.07798302173614502,
        "vio": 0.24475900828838348,
        "voi": 0.001468058442696929
      }
    },
    {
      "time_sec": 1.5,
      "intensity": {
        "cel": 0.16961804032325745,
        "cla": 0.03059547208249569,
        "flu": 0.0014911857433617115,
        "gac": 0.0007537478813901544,
        "gel": 0.029835475608706474,
        "org": 0.007714275736361742,
        "pia": 0.010255595669150352,
        "sax": 0.03489547222852707,
        "tru": 0.10691255331039429,
        "vio": 0.29282763600349426,
        "voi": 0.002765107434242964
      }
    },
    {
      "time_sec": 3.0,
      "intensity": {
        "cel": 0.14312057197093964,
        "cla": 0.019345426931977272,
        "flu": 0.0004475301248021424,
        "gac": 0.0002425957063678652,
        "gel": 0.021060826256871223,
        "org": 0.004678451921790838,
        "pia": 0.008613340556621552,
        "sax": 0.021519053727388382,
        "tru": 0.06980233639478683,
        "vio": 0.1826561540365219,
        "voi": 0.0014883072581142187
      }
    }
  ]
}