{
  "audio_file": "08-Concerto in A major, K 219 -2- Adagio-36.wav",
  "segment_duration_sec": 3.0,
  "hop_duration_sec": 1.5,
  "aggregation": "average",
  "smoothing": {
    "method": "moving_average",
    "window": 3
  },
  "threshold": 0.25,
  "classes": [
    "cel",
    "cla",
    "flu",
    "gac",
    "gel",
    "org",
    "pia",
    "sax",
    "tru",
    "vio",
    "voi"
  ],
  "timeline": [
    {
      "time_sec": 0.0,
      "intensity": {
        "cel": 0.023594750091433525,
        "cla": 0.05601726099848747,
        "flu": 0.2395869940519333,
        "gac": 0.003593768458813429,
        "gel": 0.004087592475116253,
        "org": 0.0256362222135067,
        "pia": 0.0016138511709868908,
        "sax": 0.03780880570411682,
        "tru": 0.027654753997921944,
        "vio": 0.01633402146399021,
        "voi": 0.001836037845350802
      }
    },
    {
      "time_sec": 1.5,
      "intensity": {
        "cel": 0.026283929124474525,
        "cla": 0.09208276867866516,
        "flu": 0.24642148613929749,
        "gac": 0.004041065461933613,
        "gel": 0.0083793168887496,
        "org": 0.041046492755413055,
        "pia": 0.0023373884614557028,
        "sax": 0.07371426373720169,
        "tru": 0.041501644998788834,
        "vio": 0.03376331180334091,
        "voi": 0.002102962927892804
      }
    },
    {
      "time_sec": 3.0,
      "intensity": {
        "cel": 0.017580198124051094,
        "cla": 0.09583299607038498,
        "flu": 0.15251518785953522,
        "gac": 0.002025492489337921,
        "gel": 0.008964159525930882,
        "org": 0.03865889459848404,
        "pia": 0.0023712911643087864,
        "sax": 0.0897776409983635,
        "tru": 0.03432401642203331,
        "vio": 0.05212847515940666,
        "voi": 0.0011783175868913531
      }
    },
    {
      "time_sec": 4.5,
      "intensity": {
        "cel": 0.003553380724042654,
        "cla": 0.07426825165748596,
        "flu": 0.010661134496331215,
        "gac": 0.0012242670636624098,
        "gel": 0.00794482696801424,
        "org": 0.033788736909627914,
        "pia": 0.0015107154613360763,
        "sax": 0.07359009981155396,
        "tru": 0.02148648165166378,
        "vio": 0.04310331866145134,
        "voi": 0.0004269011551514268
      }
    }
  ]
}