{
  "audio_file": "08-Concerto in A major, K 219 -2- Adagio-42.wav",
  "segment_duration_sec": 3.0,
  "hop_duration_sec": 1.5,
  "aggregation": "average",
  "smoothing": {
    "method": "moving_average",
    "window": 3
  },
  "threshold": 0.25,
  "classes": [
    "cel",
    "cla",
    "flu",
    "gac",
    "gel",
    "org",
    "pia",
    "sax",
    "tru",
    "vio",
    "voi"
  ],
  "timeline": [
    {
      "time_sec": 0.0,
      "intensity": {
        "cel": 0.11624839156866074,
        "cla": 0.1346442550420761,
        "flu": 0.011645297519862652,
        "gac": 0.02678655833005905,
        "gel": 0.00948421936482191,
        "org": 0.003598987590521574,
        "pia": 0.011313731782138348,
        "sax": 0.06727509945631027,
        "tru": 0.004506176803261042,
        "vio": 0.07265415787696838,
        "voi": 0.001590931206010282
      }
    },
    {
      "time_sec": 1.5,
      "intensity": {
        "cel": 0.20662358403205872,
        "cla": 0.13912416994571686,
        "flu": 0.019442515447735786,
        "gac": 0.046472083777189255,
        "gel": 0.02027420699596405,
        "org": 0.003754447679966688,
        "pia": 0.016560770571231842,
        "sax": 0.07539156824350357,
        "tru": 0.005228106863796711,
        "vio": 0.2333334982395172,
        "voi": 0.002650564769282937
      }
    },
    {
      "time_sec": 3.0,
      "intensity": {
        "cel": 0.21116113662719727,
        "cla": 0.07789256423711777,
        "flu": 0.02326403185725212,
        "gac": 0.04789390787482262,
        "gel": 0.022626664489507675,
        "org": 0.0031772623769938946,
        "pia": 0.017885390669107437,
        "sax": 0.04822603613138199,
        "tru": 0.004004802089184523,
        "vio": 0.3065643906593323,
        "voi": 0.0032992453780025244
      }
    },
    {
      "time_sec": 4.5,
      "intensity": {
        "cel": 0.17693036794662476,
        "cla": 0.036450423300266266,
        "flu": 0.01311531476676464,
        "gac": 0.0287344828248024,
        "gel": 0.016093425452709198,
        "org": 0.0007780281594023108,
        "pia": 0.013018609955906868,
        "sax": 0.019080018624663353,
        "tru": 0.0017057511722669005,
        "vio": 0.27153530716896057,
        "voi": 0.0018347023287788033
      }
    }
  ]
}