{
  "audio_file": "08-Concerto in A major, K 219 -2- Adagio-43.wav",
  "segment_duration_sec": 3.0,
  "hop_duration_sec": 1.5,
  "aggregation": "average",
  "smoothing": {
    "method": "moving_average",
    "window": 3
  },
  "threshold": 0.25,
  "classes": [
    "cel",
    "cla",
    "flu",
    "gac",
    "gel",
    "org",
    "pia",
    "sax",
    "tru",
    "vio",
    "voi"
  ],
  "timeline": [
    {
      "time_sec": 0.0,
      "intensity": {
        "cel": 0.015649549663066864,
        "cla": 0.029971452429890633,
        "flu": 0.01861828938126564,
        "gac": 0.00472278892993927,
        "gel": 0.01082846149802208,
        "org": 0.07726263999938965,
        "pia": 0.034177038818597794,
        "sax": 0.08416321128606796,
        "tru": 0.014234776608645916,
        "vio": 0.02011183463037014,
        "voi": 0.0031961656641215086
      }
    },
    {
      "time_sec": 1.5,
      "intensity": {
        "cel": 0.02856866642832756,
        "cla": 0.06596878170967102,
        "flu": 0.023151082918047905,
        "gac": 0.0052034687250852585,
        "gel": 0.012311124242842197,
        "org": 0.18393774330615997,
        "pia": 0.039277084171772,
        "sax": 0.10008824616670609,
        "tru": 0.06329189985990524,
        "vio": 0.024617185816168785,
        "voi": 0.0040571242570877075
      }
    },
    {
      "time_sec": 3.0,
      "intensity": {
        "cel": 0.040596481412649155,
        "cla": 0.14663900434970856,
        "flu": 0.0165754035115242,
        "gac": 0.002523684175685048,
        "gel": 0.006165593862533569,
        "org": 0.18524722754955292,
        "pia": 0.013589470647275448,
        "sax": 0.14078454673290253,
        "tru": 0.059801992028951645,
        "vio": 0.019834119826555252,
        "voi": 0.0026579692494124174
      }
    },
    {
      "time_sec": 4.5,
      "intensity": {
        "cel": 0.03349292278289795,
        "cla": 0.13476336002349854,
        "flu": 0.005847746040672064,
        "gac": 0.0006411297363229096,
        "gel": 0.0016495875315740705,
        "org": 0.12726138532161713,
        "pia": 0.007999067194759846,
        "sax": 0.10782891511917114,
        "tru": 0.05153825879096985,
        "vio": 0.005467086564749479,
        "voi": 0.000897156831342727
      }
    }
  ]
}