{
  "audio_file": "08-Concerto in A major, K 219 -2- Adagio-14.wav",
  "segment_duration_sec": 3.0,
  "hop_duration_sec": 1.5,
  "aggregation": "average",
  "smoothing": {
    "method": "moving_average",
    "window": 3
  },
  "threshold": 0.25,
  "classes": [
    "cel",
    "cla",
    "flu",
    "gac",
    "gel",
    "org",
    "pia",
    "sax",
    "tru",
    "vio",
    "voi"
  ],
  "timeline": [
    {
      "time_sec": 0.0,
      "intensity": {
        "cel": 0.010942017659544945,
        "cla": 0.27739715576171875,
        "flu": 0.14154095947742462,
        "gac": 0.005385078489780426,
        "gel": 0.0008809068822301924,
        "org": 0.009820448234677315,
        "pia": 0.0002650088572409004,
        "sax": 0.051565591245889664,
        "tru": 0.04128188639879227,
        "vio": 0.027939846739172935,
        "voi": 0.001950110774487257
      }
    },
    {
      "time_sec": 1.5,
      "intensity": {
        "cel": 0.020823590457439423,
        "cla": 0.36871612071990967,
        "flu": 0.1640515774488449,
        "gac": 0.006280629895627499,
        "gel": 0.001596792251802981,
        "org": 0.023891646414995193,
        "pia": 0.00034187754499726,
        "sax": 0.08094918727874756,
        "tru": 0.07358545064926147,
        "vio": 0.037115875631570816,
        "voi": 0.0024409834295511246
      }
    },
    {
      "time_sec": 3.0,
      "intensity": {
        "cel": 0.021750757470726967,
        "cla": 0.3780438005924225,
        "flu": 0.12153565883636475,
        "gac": 0.004596140701323748,
        "gel": 0.0014960685512050986,
        "org": 0.041510920971632004,
        "pia": 0.0003439756983425468,
        "sax": 0.11331532150506973,
        "tru": 0.059808891266584396,
        "vio": 0.06416357308626175,
        "voi": 0.0017378849443048239
      }
    },
    {
      "time_sec": 4.5,
      "intensity": {
        "cel": 0.01928332820534706,
        "cla": 0.2160399705171585,
        "flu": 0.033972978591918945,
        "gac": 0.001781285973265767,
        "gel": 0.0011204767506569624,
        "org": 0.03636647015810013,
        "pia": 0.00022930101840756834,
        "sax": 0.09024905413389206,
        "tru": 0.03515191376209259,
        "vio": 0.050590693950653076,
        "voi": 0.0007112650782801211
      }
    }
  ]
}