{
  "audio_file": "08-Concerto in A major, K 219 -2- Adagio-18.wav",
  "segment_duration_sec": 3.0,
  "hop_duration_sec": 1.5,
  "aggregation": "average",
  "smoothing": {
    "method": "moving_average",
    "window": 3
  },
  "threshold": 0.25,
  "classes": [
    "cel",
    "cla",
    "flu",
    "gac",
    "gel",
    "org",
    "pia",
    "sax",
    "tru",
    "vio",
    "voi"
  ],
  "timeline": [
    {
      "time_sec": 0.0,
      "intensity": {
        "cel": 0.0030893594957888126,
        "cla": 0.32342496514320374,
        "flu": 0.2868683338165283,
        "gac": 0.011677560396492481,
        "gel": 0.0019163733813911676,
        "org": 0.004640667699277401,
        "pia": 0.0053867194801568985,
        "sax": 0.022781837731599808,
        "tru": 0.0051863351836800575,
        "vio": 0.01406890619546175,
        "voi": 0.0036911084316670895
      }
    },
    {
      "time_sec": 1.5,
      "intensity": {
        "cel": 0.007265682797878981,
        "cla": 0.5671622157096863,
        "flu": 0.4363909065723419,
        "gac": 0.012724560685455799,
        "gel": 0.002563621150329709,
        "org": 0.006502070464193821,
        "pia": 0.0065278164111077785,
        "sax": 0.03326556086540222,
        "tru": 0.012780390679836273,
        "vio": 0.023261025547981262,
        "voi": 0.005582105368375778
      }
    },
    {
      "time_sec": 3.0,
      "intensity": {
        "cel": 0.006690800189971924,
        "cla": 0.44586315751075745,
        "flu": 0.2464391589164734,
        "gac": 0.006638336926698685,
        "gel": 0.0014878491638228297,
        "org": 0.005512874107807875,
        "pia": 0.004629654809832573,
        "sax": 0.014933835715055466,
        "tru": 0.010427242144942284,
        "vio": 0.015311683528125286,
        "voi": 0.0033695155289024115
      }
    }
  ]
}