{
  "audio_file": "1 - Hank's Other Bag-3.wav",
  "segment_duration_sec": 3.0,
  "hop_duration_sec": 1.5,
  "aggregation": "average",
  "smoothing": {
    "method": "moving_average",
    "window": 3
  },
  "threshold": 0.25,
  "classes": [
    "cel",
    "cla",
    "flu",
    "gac",
    "gel",
    "org",
    "pia",
    "sax",
    "tru",
    "vio",
    "voi"
  ],
  "timeline": [
    {
      "time_sec": 0.0,
      "intensity": {
        "cel": 0.010046369396150112,
        "cla": 0.028354305773973465,
        "flu": 0.002449656371027231,
        "gac": 0.0081870686262846,
        "gel": 0.015610894188284874,
        "org": 0.0034612647723406553,
        "pia": 0.01796625554561615,
        "sax": 0.3216247260570526,
        "tru": 0.03578770533204079,
        "vio": 0.04776844382286072,
        "voi": 0.03032391332089901
      }
    },
    {
      "time_sec": 1.5,
      "intensity": {
        "cel": 0.010993131436407566,
        "cla": 0.05188118293881416,
        "flu": 0.004386433400213718,
        "gac": 0.011059130541980267,
        "gel": 0.029267990961670876,
        "org": 0.008737143129110336,
        "pia": 0.021368440240621567,
        "sax": 0.4741148054599762,
        "tru": 0.07866808772087097,
        "vio": 0.058903008699417114,
        "voi": 0.0375780425965786
      }
    },
    {
      "time_sec": 3.0,
      "intensity": {
        "cel": 0.006413643714040518,
        "cla": 0.040753163397312164,
        "flu": 0.005355697590857744,
        "gac": 0.010452788323163986,
        "gel": 0.03418144956231117,
        "org": 0.019420621916651726,
        "pia": 0.021951138973236084,
        "sax": 0.42489761114120483,
        "tru": 0.08424215018749237,
        "vio": 0.07124167680740356,
        "voi": 0.04596330225467682
      }
    },
    {
      "time_sec": 4.5,
      "intensity": {
        "cel": 0.004971558228135109,
        "cla": 0.037115614861249924,
        "flu": 0.0034776704851537943,
        "gac": 0.006977100390940905,
        "gel": 0.02081235870718956,
        "org": 0.01769314333796501,
        "pia": 0.004690384492278099,
        "sax": 0.26387542486190796,
        "tru": 0.07306991517543793,
        "vio": 0.05635232478380203,
        "voi": 0.018965110182762146
      }
    }
  ]
}