{
  "audio_file": "1 - Hank's Other Bag-6.wav",
  "segment_duration_sec": 3.0,
  "hop_duration_sec": 1.5,
  "aggregation": "average",
  "smoothing": {
    "method": "moving_average",
    "window": 3
  },
  "threshold": 0.25,
  "classes": [
    "cel",
    "cla",
    "flu",
    "gac",
    "gel",
    "org",
    "pia",
    "sax",
    "tru",
    "vio",
    "voi"
  ],
  "timeline": [
    {
      "time_sec": 0.0,
      "intensity": {
        "cel": 0.24019469320774078,
        "cla": 0.009778881445527077,
        "flu": 0.0014286674559116364,
        "gac": 0.03899478167295456,
        "gel": 0.0207517147064209,
        "org": 0.00029407243710011244,
        "pia": 0.01644584909081459,
        "sax": 0.3588813245296478,
        "tru": 0.003194991732016206,
        "vio": 0.03461489826440811,
        "voi": 0.0010885578813031316
      }
    },
    {
      "time_sec": 1.5,
      "intensity": {
        "cel": 0.2652171850204468,
        "cla": 0.030820855870842934,
        "flu": 0.002036888850852847,
        "gac": 0.056943148374557495,
        "gel": 0.025458700954914093,
        "org": 0.00039058434776961803,
        "pia": 0.032073989510536194,
        "sax": 0.5696114897727966,
        "tru": 0.007664292585104704,
        "vio": 0.04299042746424675,
        "voi": 0.0028341212309896946
      }
    },
    {
      "time_sec": 3.0,
      "intensity": {
        "cel": 0.21338120102882385,
        "cla": 0.0290343277156353,
        "flu": 0.001957809319719672,
        "gac": 0.0399986207485199,
        "gel": 0.009140984155237675,
        "org": 0.00021684510284103453,
        "pia": 0.021344251930713654,
        "sax": 0.3441556692123413,
        "tru": 0.004979951307177544,
        "vio": 0.038903430104255676,
        "voi": 0.002310318872332573
      }
    }
  ]
}