{
  "audio_file": "1 - Hank's Other Bag-5.wav",
  "segment_duration_sec": 3.0,
  "hop_duration_sec": 1.5,
  "aggregation": "average",
  "smoothing": {
    "method": "moving_average",
    "window": 3
  },
  "threshold": 0.25,
  "classes": [
    "cel",
    "cla",
    "flu",
    "gac",
    "gel",
    "org",
    "pia",
    "sax",
    "tru",
    "vio",
    "voi"
  ],
  "timeline": [
    {
      "time_sec": 0.0,
      "intensity": {
        "cel": 0.01709691435098648,
        "cla": 0.002460472285747528,
        "flu": 0.004432368092238903,
        "gac": 0.013096274808049202,
        "gel": 0.10536307841539383,
        "org": 0.0060111843049526215,
        "pia": 0.027273546904325485,
        "sax": 0.12196854501962662,
        "tru": 0.018338816240429878,
        "vio": 0.027668140828609467,
        "voi": 0.0758429542183876
      }
    },
    {
      "time_sec": 1.5,
      "intensity": {
        "cel": 0.03383897244930267,
        "cla": 0.0072176833637058735,
        "flu": 0.0091226352378726,
        "gac": 0.03808682784438133,
        "gel": 0.12491819262504578,
        "org": 0.006499763112515211,
        "pia": 0.030726434662938118,
        "sax": 0.1730177104473114,
        "tru": 0.02224571630358696,
        "vio": 0.07480866461992264,
        "voi": 0.09632391482591629
      }
    },
    {
      "time_sec": 3.0,
      "intensity": {
        "cel": 0.04324980825185776,
        "cla": 0.01578367128968239,
        "flu": 0.024656012654304504,
        "gac": 0.0480714812874794,
        "gel": 0.103592149913311,
        "org": 0.005974994041025639,
        "pia": 0.0373077392578125,
        "sax": 0.15419091284275055,
        "tru": 0.015564609318971634,
        "vio": 0.08141396939754486,
        "voi": 0.12299266457557678
      }
    },
    {
      "time_sec": 4.5,
      "intensity": {
        "cel": 0.0396755188703537,
        "cla": 0.014209701679646969,
        "flu": 0.023359332233667374,
        "gac": 0.042029134929180145,
        "gel": 0.03132130950689316,
        "org": 0.003082351293414831,
        "pia": 0.014118545688688755,
        "sax": 0.08998602628707886,
        "tru": 0.007811637129634619,
        "vio": 0.061574507504701614,
        "voi": 0.098020538687706
      }
    }
  ]
}