{
  "audio_file": "1 - Hank's Other Bag-26.wav",
  "segment_duration_sec": 3.0,
  "hop_duration_sec": 1.5,
  "aggregation": "average",
  "smoothing": {
    "method": "moving_average",
    "window": 3
  },
  "threshold": 0.25,
  "classes": [
    "cel",
    "cla",
    "flu",
    "gac",
    "gel",
    "org",
    "pia",
    "sax",
    "tru",
    "vio",
    "voi"
  ],
  "timeline": [
    {
      "time_sec": 0.0,
      "intensity": {
        "cel": 0.003884535050019622,
        "cla": 0.027197958901524544,
        "flu": 0.0020250098314136267,
        "gac": 0.002453630091622472,
        "gel": 0.020277751609683037,
        "org": 0.0008981634164229035,
        "pia": 0.004731412045657635,
        "sax": 0.387136310338974,
        "tru": 0.06982088834047318,
        "vio": 0.07093985378742218,
        "voi": 0.054287124425172806
      }
    },
    {
      "time_sec": 1.5,
      "intensity": {
        "cel": 0.006210472900420427,
        "cla": 0.04607594385743141,
        "flu": 0.008358830586075783,
        "gac": 0.0045663476921617985,
        "gel": 0.031990405172109604,
        "org": 0.0028488864190876484,
        "pia": 0.008522652089595795,
        "sax": 0.5381585955619812,
        "tru": 0.08633784204721451,
        "vio": 0.09448295831680298,
        "voi": 0.07857849448919296
      }
    },
    {
      "time_sec": 3.0,
      "intensity": {
        "cel": 0.015146425925195217,
        "cla": 0.02581932581961155,
        "flu": 0.007344716694205999,
        "gac": 0.006182488519698381,
        "gel": 0.03439398109912872,
        "org": 0.004103515762835741,
        "pia": 0.013797534629702568,
        "sax": 0.4551313519477844,
        "tru": 0.08179431408643723,
        "vio": 0.07956197112798691,
        "voi": 0.060066550970077515
      }
    },
    {
      "time_sec": 4.5,
      "intensity": {
        "cel": 0.01394588127732277,
        "cla": 0.0237894244492054,
        "flu": 0.006896435283124447,
        "gac": 0.005690317135304213,
        "gel": 0.0159724410623312,
        "org": 0.003464832901954651,
        "pia": 0.010096285492181778,
        "sax": 0.28479111194610596,
        "tru": 0.024235744029283524,
        "vio": 0.04990173503756523,
        "voi": 0.0375969372689724
      }
    }
  ]
}