{
  "audio_file": "1 - Hank's Other Bag-1.wav",
  "segment_duration_sec": 3.0,
  "hop_duration_sec": 1.5,
  "aggregation": "average",
  "smoothing": {
    "method": "moving_average",
    "window": 3
  },
  "threshold": 0.25,
  "classes": [
    "cel",
    "cla",
    "flu",
    "gac",
    "gel",
    "org",
    "pia",
    "sax",
    "tru",
    "vio",
    "voi"
  ],
  "timeline": [
    {
      "time_sec": 0.0,
      "intensity": {
        "cel": 0.0070639727637171745,
        "cla": 0.12069795280694962,
        "flu": 0.002031085779890418,
        "gac": 0.0026385521050542593,
        "gel": 0.007630502805113792,
        "org": 0.000426989485276863,
        "pia": 0.0016574343899264932,
        "sax": 0.7924225330352783,
        "tru": 0.1845925748348236,
        "vio": 0.01287048775702715,
        "voi": 0.002593551529571414
      }
    },
    {
      "time_sec": 1.5,
      "intensity": {
        "cel": 0.000589864794164896,
        "cla": 0.05136452987790108,
        "flu": 0.008178478106856346,
        "gac": 0.0014079175889492035,
        "gel": 0.06980700045824051,
        "org": 0.01950780861079693,
        "pia": 0.007583953440189362,
        "sax": 0.24112261831760406,
        "tru": 0.8666155934333801,
        "vio": 0.007165125571191311,
        "voi": 0.004796430468559265
      }
    }
  ]
}