{
  "audio_file": "1 - Hank's Other Bag-4.wav",
  "segment_duration_sec": 3.0,
  "hop_duration_sec": 1.5,
  "aggregation": "average",
  "smoothing": {
    "method": "moving_average",
    "window": 3
  },
  "threshold": 0.25,
  "classes": [
    "cel",
    "cla",
    "flu",
    "gac",
    "gel",
    "org",
    "pia",
    "sax",
    "tru",
    "vio",
    "voi"
  ],
  "timeline": [
    {
      "time_sec": 0.0,
      "intensity": {
        "cel": 0.2901778519153595,
        "cla": 0.020571714267134666,
        "flu": 0.0005630804225802422,
        "gac": 0.053501587361097336,
        "gel": 0.007309628184884787,
        "org": 0.001447803690098226,
        "pia": 0.02844199538230896,
        "sax": 0.4123266935348511,
        "tru": 0.0017464023549109697,
        "vio": 0.005099039059132338,
        "voi": 0.005833099130541086
      }
    },
    {
      "time_sec": 1.5,
      "intensity": {
        "cel": 0.3107112944126129,
        "cla": 0.04114812985062599,
        "flu": 0.001601212308742106,
        "gac": 0.06329358369112015,
        "gel": 0.017227433621883392,
        "org": 0.003901198273524642,
        "pia": 0.029685063287615776,
        "sax": 0.6047111749649048,
        "tru": 0.029334304854273796,
        "vio": 0.009373733773827553,
        "voi": 0.012120082043111324
      }
    },
    {
      "time_sec": 3.0,
      "intensity": {
        "cel": 0.24312232434749603,
        "cla": 0.028950093314051628,
        "flu": 0.002708336105570197,
        "gac": 0.04351240396499634,
        "gel": 0.04648585617542267,
        "org": 0.00435586366802454,
        "pia": 0.011250395327806473,
        "sax": 0.4874810576438904,
        "tru": 0.09382378309965134,
        "vio": 0.047414399683475494,
        "voi": 0.021517567336559296
      }
    },
    {
      "time_sec": 4.5,
      "intensity": {
        "cel": 0.029816458001732826,
        "cla": 0.023152409121394157,
        "flu": 0.0022298383992165327,
        "gac": 0.012191296555101871,
        "gel": 0.04208993539214134,
        "org": 0.0036907691974192858,
        "pia": 0.002919830149039626,
        "sax": 0.33452674746513367,
        "tru": 0.09281203150749207,
        "vio": 0.043240226805210114,
        "voi": 0.018401632085442543
      }
    }
  ]
}