{
  "audio_file": "1.1_Stranger On The Shore-12.wav",
  "segment_duration_sec": 3.0,
  "hop_duration_sec": 1.5,
  "aggregation": "average",
  "smoothing": {
    "method": "moving_average",
    "window": 3
  },
  "threshold": 0.25,
  "classes": [
    "cel",
    "cla",
    "flu",
    "gac",
    "gel",
    "org",
    "pia",
    "sax",
    "tru",
    "vio",
    "voi"
  ],
  "timeline": [
    {
      "time_sec": 0.0,
      "intensity": {
        "cel": 0.014175750315189362,
        "cla": 0.01480178814381361,
        "flu": 0.005653281230479479,
        "gac": 0.022960834205150604,
        "gel": 0.0033023778814822435,
        "org": 0.005123029928654432,
        "pia": 0.016574567183852196,
        "sax": 0.012399721890687943,
        "tru": 0.10607956349849701,
        "vio": 0.021360700950026512,
        "voi": 0.03212615102529526
      }
    },
    {
      "time_sec": 1.5,
      "intensity": {
        "cel": 0.01849506050348282,
        "cla": 0.022881044074892998,
        "flu": 0.01976861245930195,
        "gac": 0.025727393105626106,
        "gel": 0.0029031799640506506,
        "org": 0.001533449161797762,
        "pia": 0.0019675937946885824,
        "sax": 0.04268600046634674,
        "tru": 0.07384585589170456,
        "vio": 0.005581473466008902,
        "voi": 0.4094538390636444
      }
    }
  ]
}