{
  "audio_file": "1.1_Stranger On The Shore-11.wav",
  "segment_duration_sec": 3.0,
  "hop_duration_sec": 1.5,
  "aggregation": "average",
  "smoothing": {
    "method": "moving_average",
    "window": 3
  },
  "threshold": 0.25,
  "classes": [
    "cel",
    "cla",
    "flu",
    "gac",
    "gel",
    "org",
    "pia",
    "sax",
    "tru",
    "vio",
    "voi"
  ],
  "timeline": [
    {
      "time_sec": 0.0,
      "intensity": {
        "cel": 0.13284797966480255,
        "cla": 0.1937931925058365,
        "flu": 0.005458049476146698,
        "gac": 0.01138460822403431,
        "gel": 0.0014911863254383206,
        "org": 0.01652430184185505,
        "pia": 0.0010213411878794432,
        "sax": 0.15704329311847687,
        "tru": 0.035523876547813416,
        "vio": 0.06216447800397873,
        "voi": 0.0044394852593541145
      }
    },
    {
      "time_sec": 1.5,
      "intensity": {
        "cel": 0.004260149318724871,
        "cla": 0.4946737587451935,
        "flu": 0.004545461852103472,
        "gac": 0.0029812511056661606,
        "gel": 0.0008328563999384642,
        "org": 0.0070121800526976585,
        "pia": 0.002386335050687194,
        "sax": 0.23545695841312408,
        "tru": 0.5103555917739868,
        "vio": 0.0142775047570467,
        "voi": 0.002136130351573229
      }
    }
  ]
}