{
  "audio_file": "11 Dead as History-20.wav",
  "segment_duration_sec": 3.0,
  "hop_duration_sec": 1.5,
  "aggregation": "average",
  "smoothing": {
    "method": "moving_average",
    "window": 3
  },
  "threshold": 0.25,
  "classes": [
    "cel",
    "cla",
    "flu",
    "gac",
    "gel",
    "org",
    "pia",
    "sax",
    "tru",
    "vio",
    "voi"
  ],
  "timeline": [
    {
      "time_sec": 0.0,
      "intensity": {
        "cel": 0.011675457470119,
        "cla": 0.0014520157128572464,
        "flu": 0.1200183555483818,
        "gac": 0.021097667515277863,
        "gel": 0.010781082324683666,
        "org": 0.00452428450807929,
        "pia": 0.0012793702771887183,
        "sax": 0.01723629981279373,
        "tru": 0.008750342763960361,
        "vio": 0.07646437734365463,
        "voi": 0.4970395863056183
      }
    },
    {
      "time_sec": 1.5,
      "intensity": {
        "cel": 0.014284580014646053,
        "cla": 0.0036372290924191475,
        "flu": 0.19751009345054626,
        "gac": 0.04492109641432762,
        "gel": 0.012969205155968666,
        "org": 0.01920395903289318,
        "pia": 0.0020868456922471523,
        "sax": 0.02215682528913021,
        "tru": 0.009243760257959366,
        "vio": 0.08076471090316772,
        "voi": 0.5985333919525146
      }
    },
    {
      "time_sec": 3.0,
      "intensity": {
        "cel": 0.005060791037976742,
        "cla": 0.0026503484696149826,
        "flu": 0.12069561332464218,
        "gac": 0.04053930938243866,
        "gel": 0.005897072143852711,
        "org": 0.016512911766767502,
        "pia": 0.0011193319223821163,
        "sax": 0.01582767628133297,
        "tru": 0.0011435130145400763,
        "vio": 0.020589450374245644,
        "voi": 0.41508108377456665
      }
    }
  ]
}