{
  "audio_file": "11 Dead as History-22.wav",
  "segment_duration_sec": 3.0,
  "hop_duration_sec": 1.5,
  "aggregation": "average",
  "smoothing": {
    "method": "moving_average",
    "window": 3
  },
  "threshold": 0.25,
  "classes": [
    "cel",
    "cla",
    "flu",
    "gac",
    "gel",
    "org",
    "pia",
    "sax",
    "tru",
    "vio",
    "voi"
  ],
  "timeline": [
    {
      "time_sec": 0.0,
      "intensity": {
        "cel": 0.003348707454279065,
        "cla": 0.004350706003606319,
        "flu": 0.0016691522905603051,
        "gac": 0.0027820109389722347,
        "gel": 0.011061024852097034,
        "org": 0.5906826257705688,
        "pia": 0.10021049529314041,
        "sax": 0.04233413562178612,
        "tru": 0.3065900206565857,
        "vio": 0.007086345460265875,
        "voi": 0.0023270794190466404
      }
    },
    {
      "time_sec": 1.5,
      "intensity": {
        "cel": 0.009093682281672955,
        "cla": 0.001877541420981288,
        "flu": 0.003593952627852559,
        "gac": 0.0064414734952151775,
        "gel": 0.007879412733018398,
        "org": 0.4167672097682953,
        "pia": 0.0775575339794159,
        "sax": 0.031112825497984886,
        "tru": 0.22979167103767395,
        "vio": 0.006952997762709856,
        "voi": 0.0033570043742656708
      }
    }
  ]
}