{
  "audio_file": "12 What'll I Do - Bud Shank And Bob-9.wav",
  "segment_duration_sec": 3.0,
  "hop_duration_sec": 1.5,
  "aggregation": "average",
  "smoothing": {
    "method": "moving_average",
    "window": 3
  },
  "threshold": 0.25,
  "classes": [
    "cel",
    "cla",
    "flu",
    "gac",
    "gel",
    "org",
    "pia",
    "sax",
    "tru",
    "vio",
    "voi"
  ],
  "timeline": [
    {
      "time_sec": 0.0,
      "intensity": {
        "cel": 0.0034998373594135046,
        "cla": 0.3315158188343048,
        "flu": 0.21382683515548706,
        "gac": 0.01269818376749754,
        "gel": 0.011716757901012897,
        "org": 0.0017060680547729135,
        "pia": 0.006644401699304581,
        "sax": 0.05965805798768997,
        "tru": 0.0026177936233580112,
        "vio": 0.27507391571998596,
        "voi": 0.00317676761187613
      }
    },
    {
      "time_sec": 1.5,
      "intensity": {
        "cel": 0.007351246662437916,
        "cla": 0.5803446769714355,
        "flu": 0.242010235786438,
        "gac": 0.020014846697449684,
        "gel": 0.013005812652409077,
        "org": 0.004090834408998489,
        "pia": 0.008473685011267662,
        "sax": 0.1008603498339653,
        "tru": 0.005965422838926315,
        "vio": 0.3573668897151947,
        "voi": 0.0038327898364514112
      }
    },
    {
      "time_sec": 3.0,
      "intensity": {
        "cel": 0.005780186038464308,
        "cla": 0.474397212266922,
        "flu": 0.16548903286457062,
        "gac": 0.012746782973408699,
        "gel": 0.003064666874706745,
        "org": 0.0031425212509930134,
        "pia": 0.005170444957911968,
        "sax": 0.0653202086687088,
        "tru": 0.004737887531518936,
        "vio": 0.14594542980194092,
        "voi": 0.0015169262187555432
      }
    }
  ]
}