{
  "audio_file": "12 What'll I Do - Bud Shank And Bob-10.wav",
  "segment_duration_sec": 3.0,
  "hop_duration_sec": 1.5,
  "aggregation": "average",
  "smoothing": {
    "method": "moving_average",
    "window": 3
  },
  "threshold": 0.25,
  "classes": [
    "cel",
    "cla",
    "flu",
    "gac",
    "gel",
    "org",
    "pia",
    "sax",
    "tru",
    "vio",
    "voi"
  ],
  "timeline": [
    {
      "time_sec": 0.0,
      "intensity": {
        "cel": 0.0037574409507215023,
        "cla": 0.2052120864391327,
        "flu": 0.22392122447490692,
        "gac": 0.008537879213690758,
        "gel": 0.008447116240859032,
        "org": 0.004218726418912411,
        "pia": 0.016149230301380157,
        "sax": 0.03752334043383598,
        "tru": 0.003552171401679516,
        "vio": 0.2746031582355499,
        "voi": 0.004499232862144709
      }
    },
    {
      "time_sec": 1.5,
      "intensity": {
        "cel": 0.005228150635957718,
        "cla": 0.3117592930793762,
        "flu": 0.3155379295349121,
        "gac": 0.010051676072180271,
        "gel": 0.010045072063803673,
        "org": 0.005893256980925798,
        "pia": 0.01720086857676506,
        "sax": 0.06550228595733643,
        "tru": 0.006664795335382223,
        "vio": 0.40684664249420166,
        "voi": 0.007662242744117975
      }
    },
    {
      "time_sec": 3.0,
      "intensity": {
        "cel": 0.004615281242877245,
        "cla": 0.23849289119243622,
        "flu": 0.2592938244342804,
        "gac": 0.004693526774644852,
        "gel": 0.00304687418974936,
        "org": 0.0036637012381106615,
        "pia": 0.0021130049135535955,
        "sax": 0.04195820540189743,
        "tru": 0.00539777847006917,
        "vio": 0.3020397126674652,
        "voi": 0.0069136242382228374
      }
    }
  ]
}