{
  "audio_file": "12 What'll I Do - Bud Shank And Bob-8.wav",
  "segment_duration_sec": 3.0,
  "hop_duration_sec": 1.5,
  "aggregation": "average",
  "smoothing": {
    "method": "moving_average",
    "window": 3
  },
  "threshold": 0.25,
  "classes": [
    "cel",
    "cla",
    "flu",
    "gac",
    "gel",
    "org",
    "pia",
    "sax",
    "tru",
    "vio",
    "voi"
  ],
  "timeline": [
    {
      "time_sec": 0.0,
      "intensity": {
        "cel": 0.010777924209833145,
        "cla": 0.029469147324562073,
        "flu": 0.19262737035751343,
        "gac": 0.03202086314558983,
        "gel": 0.11569993942975998,
        "org": 0.005828441586345434,
        "pia": 0.030520064756274223,
        "sax": 0.015260345302522182,
        "tru": 0.0026135349180549383,
        "vio": 0.10764285176992416,
        "voi": 0.013915724121034145
      }
    },
    {
      "time_sec": 1.5,
      "intensity": {
        "cel": 0.019391406327486038,
        "cla": 0.0701645165681839,
        "flu": 0.3851538300514221,
        "gac": 0.03449515998363495,
        "gel": 0.12777136266231537,
        "org": 0.014468383975327015,
        "pia": 0.03185610473155975,
        "sax": 0.02265273965895176,
        "tru": 0.00839904323220253,
        "vio": 0.1257539838552475,
        "voi": 0.02102149836719036
      }
    },
    {
      "time_sec": 3.0,
      "intensity": {
        "cel": 0.02022261545062065,
        "cla": 0.23803167045116425,
        "flu": 0.3631255030632019,
        "gac": 0.013925651088356972,
        "gel": 0.036193326115608215,
        "org": 0.01912623830139637,
        "pia": 0.015042725019156933,
        "sax": 0.06679809838533401,
        "tru": 0.011006411164999008,
        "vio": 0.06686165928840637,
        "voi": 0.019322477281093597
      }
    },
    {
      "time_sec": 4.5,
      "intensity": {
        "cel": 0.011107634752988815,
        "cla": 0.21185584366321564,
        "flu": 0.3254246711730957,
        "gac": 0.0038438031915575266,
        "gel": 0.0171069223433733,
        "org": 0.014659547246992588,
        "pia": 0.005789255257695913,
        "sax": 0.057013072073459625,
        "tru": 0.008873692713677883,
        "vio": 0.03370555862784386,
        "voi": 0.008855381049215794
      }
    }
  ]
}