{
  "audio_file": "13 Chet Atkins & Jerry Reed - Sneakin' Around-8.wav",
  "segment_duration_sec": 3.0,
  "hop_duration_sec": 1.5,
  "aggregation": "average",
  "smoothing": {
    "method": "moving_average",
    "window": 3
  },
  "threshold": 0.25,
  "classes": [
    "cel",
    "cla",
    "flu",
    "gac",
    "gel",
    "org",
    "pia",
    "sax",
    "tru",
    "vio",
    "voi"
  ],
  "timeline": [
    {
      "time_sec": 0.0,
      "intensity": {
        "cel": 0.0022064519580453634,
        "cla": 0.0035091880708932877,
        "flu": 0.059084922075271606,
        "gac": 0.865104079246521,
        "gel": 0.05931592360138893,
        "org": 0.030581315979361534,
        "pia": 0.023374199867248535,
        "sax": 0.005298476200550795,
        "tru": 0.0005847340216860175,
        "vio": 0.0037767444737255573,
        "voi": 0.3495956361293793
      }
    },
    {
      "time_sec": 1.5,
      "intensity": {
        "cel": 0.005429801065474749,
        "cla": 0.4014624059200287,
        "flu": 0.10146521776914597,
        "gac": 0.8549124002456665,
        "gel": 0.00927048735320568,
        "org": 0.005712125450372696,
        "pia": 0.005423668306320906,
        "sax": 0.05591167137026787,
        "tru": 0.0015874162781983614,
        "vio": 0.01319618709385395,
        "voi": 0.08183301240205765
      }
    }
  ]
}