{
  "audio_file": "13 Chet Atkins & Jerry Reed - Sneakin' Around-9.wav",
  "segment_duration_sec": 3.0,
  "hop_duration_sec": 1.5,
  "aggregation": "average",
  "smoothing": {
    "method": "moving_average",
    "window": 3
  },
  "threshold": 0.25,
  "classes": [
    "cel",
    "cla",
    "flu",
    "gac",
    "gel",
    "org",
    "pia",
    "sax",
    "tru",
    "vio",
    "voi"
  ],
  "timeline": [
    {
      "time_sec": 0.0,
      "intensity": {
        "cel": 0.0050622234120965,
        "cla": 0.014620027504861355,
        "flu": 0.31492969393730164,
        "gac": 0.5416941046714783,
        "gel": 0.011056274175643921,
        "org": 0.008575215935707092,
        "pia": 0.02156463824212551,
        "sax": 0.0034038128796964884,
        "tru": 0.0021236238535493612,
        "vio": 0.006562682334333658,
        "voi": 0.11619014292955399
      }
    },
    {
      "time_sec": 1.5,
      "intensity": {
        "cel": 0.007057688198983669,
        "cla": 0.019795281812548637,
        "flu": 0.3873285949230194,
        "gac": 0.7764620780944824,
        "gel": 0.019278962165117264,
        "org": 0.009935316629707813,
        "pia": 0.02697049081325531,
        "sax": 0.00574465049430728,
        "tru": 0.0027652436401695013,
        "vio": 0.012828229926526546,
        "voi": 0.1331363469362259
      }
    },
    {
      "time_sec": 3.0,
      "intensity": {
        "cel": 0.01104942336678505,
        "cla": 0.07682478427886963,
        "flu": 0.34436577558517456,
        "gac": 0.6097850799560547,
        "gel": 0.015262491069734097,
        "org": 0.027259716764092445,
        "pia": 0.01358674094080925,
        "sax": 0.011224690824747086,
        "tru": 0.006897063925862312,
        "vio": 0.016947593539953232,
        "voi": 0.03217225521802902
      }
    },
    {
      "time_sec": 4.5,
      "intensity": {
        "cel": 0.006761923898011446,
        "cla": 0.07001826167106628,
        "flu": 0.09523814171552658,
        "gac": 0.34234148263931274,
        "gel": 0.01218773890286684,
        "org": 0.021609079092741013,
        "pia": 0.006228117272257805,
        "sax": 0.009715503081679344,
        "tru": 0.005885632708668709,
        "vio": 0.015229611657559872,
        "voi": 0.02263239584863186
      }
    }
  ]
}