{
  "audio_file": "13 Chet Atkins & Jerry Reed - Sneakin' Around-17.wav",
  "segment_duration_sec": 3.0,
  "hop_duration_sec": 1.5,
  "aggregation": "average",
  "smoothing": {
    "method": "moving_average",
    "window": 3
  },
  "threshold": 0.25,
  "classes": [
    "cel",
    "cla",
    "flu",
    "gac",
    "gel",
    "org",
    "pia",
    "sax",
    "tru",
    "vio",
    "voi"
  ],
  "timeline": [
    {
      "time_sec": 0.0,
      "intensity": {
        "cel": 0.005525888409465551,
        "cla": 0.06048821285367012,
        "flu": 0.022301046177744865,
        "gac": 0.10249349474906921,
        "gel": 0.009871488437056541,
        "org": 0.10443676263093948,
        "pia": 0.24492214620113373,
        "sax": 0.027651285752654076,
        "tru": 0.003560141660273075,
        "vio": 0.004320332780480385,
        "voi": 0.02268199436366558
      }
    },
    {
      "time_sec": 1.5,
      "intensity": {
        "cel": 0.012896993197500706,
        "cla": 0.06517196446657181,
        "flu": 0.044467221945524216,
        "gac": 0.30942127108573914,
        "gel": 0.0122640086337924,
        "org": 0.11778559535741806,
        "pia": 0.3176511526107788,
        "sax": 0.03394651040434837,
        "tru": 0.004293079487979412,
        "vio": 0.00662149116396904,
        "voi": 0.025060201063752174
      }
    },
    {
      "time_sec": 3.0,
      "intensity": {
        "cel": 0.016916319727897644,
        "cla": 0.0501609668135643,
        "flu": 0.07317404448986053,
        "gac": 0.47193244099617004,
        "gel": 0.009027408435940742,
        "org": 0.06499089300632477,
        "pia": 0.2226954847574234,
        "sax": 0.021412791684269905,
        "tru": 0.0025609685108065605,
        "vio": 0.008425056003034115,
        "voi": 0.023984357714653015
      }
    },
    {
      "time_sec": 4.5,
      "intensity": {
        "cel": 0.01343903224915266,
        "cla": 0.0370255708694458,
        "flu": 0.06244700402021408,
        "gac": 0.39398255944252014,
        "gel": 0.003473080927506089,
        "org": 0.01822371408343315,
        "pia": 0.17395637929439545,
        "sax": 0.011470247991383076,
        "tru": 0.0018516326090320945,
        "vio": 0.005663474556058645,
        "voi": 0.0034313383512198925
      }
    }
  ]
}