{
  "audio_file": "14 - Tomorrow Never Knows-11.wav",
  "segment_duration_sec": 3.0,
  "hop_duration_sec": 1.5,
  "aggregation": "average",
  "smoothing": {
    "method": "moving_average",
    "window": 3
  },
  "threshold": 0.25,
  "classes": [
    "cel",
    "cla",
    "flu",
    "gac",
    "gel",
    "org",
    "pia",
    "sax",
    "tru",
    "vio",
    "voi"
  ],
  "timeline": [
    {
      "time_sec": 0.0,
      "intensity": {
        "cel": 0.012859036214649677,
        "cla": 0.027445711195468903,
        "flu": 0.013365285471081734,
        "gac": 0.009461300447583199,
        "gel": 0.1578126847743988,
        "org": 0.02887924388051033,
        "pia": 0.008382514119148254,
        "sax": 0.15375396609306335,
        "tru": 0.11889860779047012,
        "vio": 0.05519060418009758,
        "voi": 0.029052358120679855
      }
    },
    {
      "time_sec": 1.5,
      "intensity": {
        "cel": 0.020919039845466614,
        "cla": 0.025791261345148087,
        "flu": 0.002671604510396719,
        "gac": 0.004851310979574919,
        "gel": 0.13520215451717377,
        "org": 0.026300864294171333,
        "pia": 0.007902396842837334,
        "sax": 0.0812927857041359,
        "tru": 0.05806715786457062,
        "vio": 0.24056263267993927,
        "voi": 0.028329165652394295
      }
    }
  ]
}