{
  "audio_file": "14-god is an astronaut - all is violent, all is bright-3.wav",
  "segment_duration_sec": 3.0,
  "hop_duration_sec": 1.5,
  "aggregation": "average",
  "smoothing": {
    "method": "moving_average",
    "window": 3
  },
  "threshold": 0.25,
  "classes": [
    "cel",
    "cla",
    "flu",
    "gac",
    "gel",
    "org",
    "pia",
    "sax",
    "tru",
    "vio",
    "voi"
  ],
  "timeline": [
    {
      "time_sec": 0.0,
      "intensity": {
        "cel": 0.019815459847450256,
        "cla": 0.0028199595399200916,
        "flu": 0.0023461265955120325,
        "gac": 0.005529671907424927,
        "gel": 0.03274089843034744,
        "org": 0.04382238909602165,
        "pia": 0.5594830513000488,
        "sax": 0.015366864390671253,
        "tru": 0.01860647462308407,
        "vio": 0.007771598175168037,
        "voi": 0.0004750611842609942
      }
    },
    {
      "time_sec": 1.5,
      "intensity": {
        "cel": 0.02916967310011387,
        "cla": 0.003245359053835273,
        "flu": 0.0024186130613088608,
        "gac": 0.006273630540817976,
        "gel": 0.039970893412828445,
        "org": 0.04566844552755356,
        "pia": 0.8901984095573425,
        "sax": 0.020880425348877907,
        "tru": 0.03709479048848152,
        "vio": 0.009823360480368137,
        "voi": 0.0005697018932551146
      }
    },
    {
      "time_sec": 3.0,
      "intensity": {
        "cel": 0.01365884393453598,
        "cla": 0.0011125322198495269,
        "flu": 0.00046655343612655997,
        "gac": 0.0022163703106343746,
        "gel": 0.015953881666064262,
        "org": 0.00437593599781394,
        "pia": 0.6588635444641113,
        "sax": 0.011362278833985329,
        "tru": 0.03141840174794197,
        "vio": 0.004333237651735544,
        "voi": 0.0002746393147390336
      }
    }
  ]
}